Date;Total Investido;Patrim√¥nio Bruto
2017-02-08;1000,0;1000,0
2017-02-09;1000,0;1011,4101684295623
2017-02-10;1000,0;1023,9174260268916
2017-02-13;1000,0;1025,9134902641315
2017-02-14;1000,0;1023,4963250503772
2017-02-15;1000,0;1023,5298306181253
2017-02-16;1000,0;1015,8363060052042
2017-02-17;1000,0;1008,4327350027532
2017-02-20;1000,0;1020,2727558197282
2017-02-21;1000,0;1026,6899457437178
2017-02-22;1000,0;1039,9924700276126
2017-02-23;1000,0;1050,9546715664533
2017-02-24;1000,0;1055,2744077941188
2017-03-01;2000,0;2061,9970896138207
2017-03-02;2000,0;2083,297378983157
2017-03-03;2000,0;2081,8889896472074
2017-03-06;2000,0;2089,227355652328
2017-03-07;2000,0;2080,664724320503
2017-03-08;2000,0;2074,1011978009224
2017-03-09;2000,0;2057,875252297646
2017-03-10;2000,0;2065,8811062959967
2017-03-13;2000,0;2094,5692775201614
2017-03-14;2000,0;2070,6121630202542
2017-03-15;2000,0;2048,9661453481112
2017-03-16;2000,0;2051,8564768853525
2017-03-17;2000,0;2047,686029591044
2017-03-20;2000,0;2046,4344295010255
2017-03-21;2000,0;2069,2408391338395
2017-03-22;2000,0;2024,6774326976517
2017-03-23;2000,0;2019,1784151226595
2017-03-24;2000,0;2023,6141815607755
2017-03-27;2000,0;2020,7979630101556
2017-03-28;2000,0;2043,1651748066101
2017-03-29;2000,0;2045,5538524650863
2017-03-30;2000,0;2040,1492974763255
2017-03-31;2000,0;2046,3491503266973
2017-04-03;3000,0;3062,6248119359816
2017-04-04;3000,0;3049,141935929929
2017-04-05;3000,0;3046,694563827868
2017-04-06;3000,0;3029,5047109743487
2017-04-07;3000,0;3008,8646153868367
2017-04-10;3000,0;3030,774088963966
2017-04-11;3000,0;3032,910512788305
2017-04-12;3000,0;2999,568472191437
2017-04-13;3000,0;3000,677051867554
2017-04-18;3000,0;2979,1641667728436
2017-04-19;3000,0;2975,8518990520065
2017-04-20;3000,0;2978,4811992291857
2017-04-24;3000,0;2988,7282367839557
2017-04-25;3000,0;2952,1843477639613
2017-04-26;3000,0;2931,6687419755003
2017-04-27;3000,0;2960,288495428308
2017-04-28;3000,0;2954,9946444186007
2017-05-02;4000,0;3980,497154858613
2017-05-03;4000,0;4000,3571457747057
2017-05-04;4000,0;4014,642087159934
2017-05-05;4000,0;4016,403436238696
2017-05-08;4000,0;4069,382844447987
2017-05-09;4000,0;4097,658347583159
2017-05-10;4000,0;4099,2522819428805
2017-05-11;4000,0;4147,293064997758
2017-05-12;4000,0;4158,930024510022
2017-05-15;4000,0;4209,10279262205
2017-05-16;4000,0;4263,194970165613
2017-05-17;4000,0;4348,93250385684
2017-05-18;4000,0;3736,4316555939904
2017-05-19;4000,0;3699,0802709532018
2017-05-22;4000,0;3928,1816702930264
2017-05-23;4000,0;4000,1879369291005
2017-05-24;4000,0;4130,763061195397
2017-05-25;4000,0;4063,2683187477237
2017-05-26;4000,0;4084,600194573018
2017-05-30;4000,0;4098,196821671527
2017-05-31;4000,0;4113,079279008551
2017-06-01;5000,0;5104,319144557893
2017-06-02;5000,0;5067,510992826316
2017-06-05;5000,0;5028,934108764752
2017-06-06;5000,0;5049,2155830481515
2017-06-07;5000,0;5064,077455677793
2017-06-08;5000,0;5003,456212352504
2017-06-09;5000,0;5117,643712002996
2017-06-12;5000,0;5089,707622603716
2017-06-13;5000,0;5147,936744254713
2017-06-14;5000,0;5033,045332305454
2017-06-16;5000,0;5116,0520813300745
2017-06-19;5000,0;5186,868366181853
2017-06-20;5000,0;5254,854864293439
2017-06-21;5000,0;5220,787709580451
2017-06-22;5000,0;5206,912154446728
2017-06-23;5000,0;5181,151921607379
2017-06-26;5000,0;5116,510904002919
2017-06-27;5000,0;5125,255564233808
2017-06-28;5000,0;5074,4406767294795
2017-06-29;5000,0;5202,3512901741715
2017-06-30;5000,0;5133,985423416771
2017-07-03;6000,0;6158,1685476810735
2017-07-04;6000,0;6112,853988009656
2017-07-05;6000,0;6152,6063816901715
2017-07-06;6000,0;6094,352720800372
2017-07-07;6000,0;6093,419881810169
2017-07-10;6000,0;6084,346270990343
2017-07-11;6000,0;6026,668293231937
2017-07-12;6000,0;6091,501872286826
2017-07-13;6000,0;6082,114049251248
2017-07-14;6000,0;6043,589853365348
2017-07-17;6000,0;6089,479154108641
2017-07-18;6000,0;6146,50759419448
2017-07-19;6000,0;6259,204430291303
2017-07-20;6000,0;6420,375217912226
2017-07-21;6000,0;6449,829112593641
2017-07-24;6000,0;6461,5323817708995
2017-07-25;6000,0;6414,9408206980415
2017-07-26;6000,0;6363,597798712278
2017-07-27;6000,0;6454,6429891883945
2017-07-28;6000,0;6457,44852189882
2017-07-31;6000,0;6413,376039191063
2017-08-01;7000,0;7432,587176043649
2017-08-02;7000,0;7409,53586021165
2017-08-03;7000,0;7558,160171452718
2017-08-04;7000,0;7616,3273503139735
2017-08-07;7000,0;7761,881653618939
2017-08-08;7000,0;7728,686963216581
2017-08-09;7000,0;7657,956885128574
2017-08-10;7000,0;7620,643737661333
2017-08-11;7000,0;7657,112997687865
2017-08-14;7000,0;7772,898136250149
2017-08-15;7000,0;7733,64207011761
2017-08-16;7000,0;7829,178798995974
2017-08-17;7000,0;7809,21300566838
2017-08-18;7000,0;7798,7118054193415
2017-08-21;7000,0;7726,392526272855
2017-08-22;7000,0;7757,176211876607
2017-08-23;7000,0;7762,168191353421
2017-08-24;7000,0;7769,751282906568
2017-08-25;7000,0;7791,344518053048
2017-08-29;7000,0;7802,3602149573935
2017-08-30;7000,0;7847,205258474969
2017-08-31;7000,0;7842,542883632621
2017-09-01;8000,0;8939,83229131272
2017-09-04;8000,0;8831,38467110306
2017-09-05;8000,0;8921,83445860651
2017-09-06;8000,0;9034,182273870036
2017-09-08;8000,0;9039,412879937137
2017-09-11;8000,0;9076,869502190373
2017-09-12;8000,0;9074,023205204418
2017-09-13;8000,0;9062,981532533773
2017-09-14;8000,0;8899,067328574723
2017-09-15;8000,0;8902,739152260328
2017-09-18;8000,0;8970,312129082597
2017-09-19;8000,0;8991,155685411059
2017-09-20;8000,0;8967,20114464515
2017-09-21;8000,0;8963,745710401197
2017-09-22;8000,0;8961,28334719554
2017-09-25;8000,0;8947,722309704459
2017-09-26;8000,0;8969,532402874423
2017-09-27;8000,0;9044,793903266425
2017-09-28;8000,0;9053,092649626928
2017-09-29;8000,0;9036,586364037732
2017-10-02;9000,0;10097,976663527126
2017-10-03;9000,0;10083,015092373971
2017-10-04;9000,0;10090,147341211223
2017-10-05;9000,0;10046,666829933818
2017-10-06;9000,0;10026,563962602804
2017-10-09;9000,0;10240,794630784892
2017-10-10;9000,0;10301,41796646731
2017-10-11;9000,0;10237,104685612589
2017-10-13;9000,0;10301,68684421761
2017-10-16;9000,0;10270,42941322024
2017-10-17;9000,0;10337,307539026631
2017-10-18;9000,0;10384,578054933074
2017-10-19;9000,0;10367,009332522919
2017-10-20;9000,0;10491,586416341022
2017-10-23;9000,0;10467,483657423438
2017-10-24;9000,0;10460,048912847733
2017-10-25;9000,0;10322,237491216245
2017-10-26;9000,0;10327,089404598973
2017-10-27;9000,0;10148,577505127225
2017-10-30;9000,0;10380,44929466469
2017-10-31;9000,0;10279,635489213191
2017-11-01;10000,0;11393,540024608234
2017-11-03;10000,0;11393,497257605795
2017-11-06;10000,0;11334,176933423305
2017-11-07;10000,0;11300,757592016684
2017-11-08;10000,0;11376,783463524935
2017-11-09;10000,0;11345,825473516428
2017-11-10;10000,0;11154,247324472326
2017-11-13;10000,0;11116,580479843155
2017-11-14;10000,0;11193,824539941628
2017-11-16;10000,0;11217,135424742779
2017-11-17;10000,0;11315,901253347363
2017-11-21;10000,0;11422,622537688707
2017-11-22;10000,0;11462,672399680423
2017-11-23;10000,0;11405,355897990697
2017-11-24;10000,0;11338,284153858043
2017-11-27;10000,0;11572,015844451465
2017-11-28;10000,0;11683,64342567234
2017-11-29;10000,0;11645,447868245235
2017-11-30;10000,0;11634,119957078274
2017-12-01;11000,0;12668,007183938505
2017-12-04;11000,0;12894,571060902268
2017-12-05;11000,0;12829,513133992856
2017-12-06;11000,0;13266,223603762377
2017-12-07;11000,0;13920,108428970456
2017-12-08;11000,0;13789,013179716821
2017-12-11;11000,0;13885,14029675187
2017-12-12;11000,0;13926,832539376031
2017-12-13;11000,0;13878,609582143348
2017-12-14;11000,0;13900,779772663958
2017-12-15;11000,0;14021,343565769419
2017-12-18;11000,0;14320,569460868759
2017-12-19;11000,0;14002,565017740824
2017-12-20;11000,0;13844,364960436547
2017-12-21;11000,0;13785,263746433287
2017-12-22;11000,0;13525,178785446715
2017-12-27;11000,0;13862,864632219447
2017-12-28;11000,0;13610,877260623673
2017-12-29;11000,0;13619,517300572134
2018-01-02;12000,0;14602,61878824305
2018-01-03;12000,0;14774,458183878023
2018-01-04;12000,0;14808,985090782237
2018-01-05;12000,0;15179,883844974851
2018-01-08;12000,0;14860,58373734157
2018-01-09;12000,0;14744,463486449931
2018-01-10;12000,0;14795,061663788561
2018-01-11;12000,0;14533,500433472023
2018-01-12;12000,0;14831,117761443713
2018-01-15;12000,0;14862,003150309754
2018-01-16;12000,0;14399,254740903112
2018-01-17;12000,0;14556,421934489814
2018-01-18;12000,0;14554,692355342713
2018-01-19;12000,0;14720,074462506278
2018-01-22;12000,0;14531,778155418773
2018-01-23;12000,0;14501,041595724584
2018-01-24;12000,0;14547,589293089237
2018-01-26;12000,0;15036,154514230548
2018-01-29;12000,0;14917,877401374208
2018-01-30;12000,0;14713,26565691172
2018-01-31;12000,0;14680,323550263896
2018-02-01;13000,0;15515,354719378847
2018-02-05;13000,0;15223,881919841973
2018-02-06;13000,0;15164,443990543496
2018-02-07;13000,0;15275,557331340427
2018-02-08;13000,0;15029,207044984318
2018-02-09;13000,0;15090,442767791099
2018-02-14;13000,0;15098,071526033838
2018-02-15;13000,0;15173,72521172282
2018-02-16;13000,0;15431,15582078859
2018-02-19;13000,0;15670,043234032166
2018-02-20;13000,0;15683,392997114724
2018-02-21;13000,0;15541,335237910938
2018-02-22;13000,0;15435,177205032385
2018-02-23;13000,0;15638,086690365812
2018-02-26;13000,0;15534,472033377402
2018-02-27;13000,0;15630,67136881903
2018-02-28;13000,0;15585,679275626137
2018-03-01;14000,0;16437,87010974867
2018-03-02;14000,0;16602,54066630635
2018-03-05;14000,0;16694,92419784292
2018-03-06;14000,0;16617,731905941593
2018-03-07;14000,0;16403,240936179984
2018-03-08;14000,0;16444,38500293815
2018-03-09;14000,0;16438,833559274444
2018-03-12;14000,0;16646,117926933264
2018-03-13;14000,0;16571,250557899933
2018-03-14;14000,0;16534,31522838933
2018-03-15;14000,0;16519,841776816793
2018-03-16;14000,0;16490,04210040499
2018-03-19;14000,0;16552,171667921677
2018-03-20;14000,0;16443,820917240268
2018-03-21;14000,0;16201,004322571327
2018-03-22;14000,0;16500,545201604364
2018-03-23;14000,0;16397,85458611516
2018-03-26;14000,0;16428,609986738462
2018-03-27;14000,0;16307,432570638606
2018-03-28;14000,0;16309,029394192954
2018-03-29;14000,0;15952,835683395508
2018-04-03;15000,0;17120,09910439478
2018-04-04;15000,0;16500,03731810609
2018-04-05;15000,0;16995,231304158886
2018-04-06;15000,0;16603,600508542873
2018-04-09;15000,0;16599,876112320337
2018-04-10;15000,0;16707,59381242824
2018-04-11;15000,0;16583,013650843477
2018-04-12;15000,0;16925,30828558161
2018-04-13;15000,0;16903,505006624066
2018-04-16;15000,0;17039,75984291436
2018-04-17;15000,0;17026,06934712129
2018-04-18;15000,0;17027,684290695197
2018-04-19;15000,0;17064,406917266813
2018-04-20;15000,0;17081,2165723211
2018-04-23;15000,0;17111,938485897062
2018-04-24;15000,0;17232,0290096296
2018-04-25;15000,0;16899,193739211743
2018-04-26;15000,0;17211,73585647481
2018-04-27;15000,0;17231,74964692567
2018-04-30;15000,0;17325,506291079957
2018-05-02;16000,0;18351,476157032317
2018-05-03;16000,0;18486,634165412142
2018-05-04;16000,0;18200,361088796868
2018-05-08;16000,0;18377,567389161268
2018-05-09;16000,0;18005,32007086503
2018-05-10;16000,0;18095,85967593091
2018-05-11;16000,0;18213,697685122253
2018-05-14;16000,0;18235,90620415704
2018-05-15;16000,0;17899,860605128168
2018-05-16;16000,0;18341,831444779833
2018-05-17;16000,0;18466,257794265133
2018-05-18;16000,0;18173,305482186053
2018-05-21;16000,0;17993,5620333916
2018-05-22;16000,0;18026,678550924204
2018-05-23;16000,0;17794,967133452352
2018-05-24;16000,0;17790,719402797764
2018-05-25;16000,0;18045,85837905358
2018-05-29;16000,0;19322,171194828592
2018-05-30;16000,0;19410,92931842866
2018-06-01;17000,0;20326,783386482206
2018-06-04;17000,0;20570,954247187616
2018-06-05;17000,0;20004,31493203607
2018-06-06;17000,0;19983,502108827197
2018-06-07;17000,0;19997,327475238868
2018-06-08;17000,0;20044,09113741083
2018-06-11;17000,0;20113,757640427073
2018-06-12;17000,0;19748,63211918374
2018-06-13;17000,0;19556,218835277083
2018-06-14;17000,0;19899,265137628638
2018-06-15;17000,0;19576,78544679127
2018-06-18;17000,0;19466,933867641856
2018-06-19;17000,0;19484,387313210274
2018-06-20;17000,0;20065,106405083818
2018-06-21;17000,0;19809,339966027463
2018-06-22;17000,0;19628,271794512457
2018-06-25;17000,0;19597,220320885917
2018-06-26;17000,0;19947,992522622204
2018-06-27;17000,0;19804,357970387
2018-06-28;17000,0;19758,77482795932
2018-06-29;17000,0;19920,640980913573
2018-07-02;18000,0;21275,558213562934
2018-07-03;18000,0;21342,160877933446
2018-07-04;18000,0;21290,560007056316
2018-07-05;18000,0;21542,637265511174
2018-07-06;18000,0;21440,8324521095
2018-07-10;18000,0;21586,641083529226
2018-07-11;18000,0;21558,877956732398
2018-07-12;18000,0;21556,372917070723
2018-07-13;18000,0;21490,293839040907
2018-07-16;18000,0;21493,45827515175
2018-07-17;18000,0;21355,84334760495
2018-07-18;18000,0;21533,560868391905
2018-07-19;18000,0;21447,814587171637
2018-07-20;18000,0;21777,879023629932
2018-07-23;18000,0;21655,950198050363
2018-07-24;18000,0;21658,390716170194
2018-07-25;18000,0;21692,636980813582
2018-07-26;18000,0;21600,262110367254
2018-07-27;18000,0;21628,043777559797
2018-07-30;18000,0;21642,08463789964
2018-07-31;18000,0;21628,815027741835
2018-08-01;19000,0;22554,798379822514
2018-08-02;19000,0;22524,734326073565
2018-08-03;19000,0;22779,082701626598
2018-08-06;19000,0;22931,236419187502
2018-08-07;19000,0;22837,0440169061
2018-08-08;19000,0;22806,76897973478
2018-08-09;19000,0;22443,29455468151
2018-08-10;19000,0;22202,79701305713
2018-08-13;19000,0;21885,0823716834
2018-08-14;19000,0;23162,767805593146
2018-08-15;19000,0;22718,806278199667
2018-08-16;19000,0;23377,108438450203
2018-08-17;19000,0;23152,88112387291
2018-08-20;19000,0;23310,701571623656
2018-08-21;19000,0;23274,039544915966
2018-08-22;19000,0;22727,501220376605
2018-08-23;19000,0;23598,541838853347
2018-08-24;19000,0;23558,982396070074
2018-08-28;19000,0;23619,778144600037
2018-08-29;19000,0;23253,548724429587
2018-08-30;19000,0;23416,332629773635
2018-08-31;19000,0;23135,477467013694
2018-09-03;20000,0;23953,248661963305
2018-09-04;20000,0;24050,350850181498
2018-09-05;20000,0;23788,82963617831
2018-09-06;20000,0;23980,01921905807
2018-09-10;20000,0;24071,82910259427
2018-09-11;20000,0;23523,163950951075
2018-09-12;20000,0;24018,402066556955
2018-09-13;20000,0;23937,658645797652
2018-09-14;20000,0;24000,052755674216
2018-09-17;20000,0;23503,090945323223
2018-09-18;20000,0;23536,657244698115
2018-09-19;20000,0;23562,923240483167
2018-09-20;20000,0;23659,454178144806
2018-09-21;20000,0;23876,097158321594
2018-09-24;20000,0;23369,06185368869
2018-09-25;20000,0;23318,821374138402
2018-09-26;20000,0;23361,364934681336
2018-09-27;20000,0;23350,967232264025
2018-09-28;20000,0;23328,08562222327
2018-10-01;21000,0;24377,646288077533
2018-10-02;21000,0;24554,70770458341
2018-10-03;21000,0;24856,986622993074
2018-10-04;21000,0;24557,548464422438
2018-10-05;21000,0;25462,337666708132
2018-10-08;21000,0;25961,83242398587
2018-10-09;21000,0;25775,450575418206
2018-10-10;21000,0;25814,597905945822
2018-10-11;21000,0;25929,76900475421
2018-10-15;21000,0;25962,747984352158
2018-10-16;21000,0;26565,29234086825
2018-10-17;21000,0;26494,222078555656
2018-10-18;21000,0;26515,24858439351
2018-10-19;21000,0;26682,829502297416
2018-10-22;21000,0;26858,09279395451
2018-10-23;21000,0;26837,284151037642
2018-10-24;21000,0;26582,261572947275
2018-10-25;21000,0;26515,67130183423
2018-10-26;21000,0;26672,36174438254
2018-10-29;21000,0;27640,121204112238
2018-10-30;21000,0;27171,211095761057
2018-10-31;21000,0;27215,962733918404
2018-11-01;22000,0;28255,72055772138
2018-11-05;22000,0;28090,30543418052
2018-11-06;22000,0;28159,357896613812
2018-11-07;22000,0;28702,364789534156
2018-11-08;22000,0;28111,86207325044
2018-11-09;22000,0;27804,418992407078
2018-11-12;22000,0;28247,549001052117
2018-11-13;22000,0;28250,24058251617
2018-11-14;22000,0;27986,993873217667
2018-11-16;22000,0;28539,53595667757
2018-11-19;22000,0;28319,566256611735
2018-11-20;22000,0;28163,208032418363
2018-11-21;22000,0;28100,67087519766
2018-11-22;22000,0;28484,69838814309
2018-11-23;22000,0;28734,26456058919
2018-11-26;22000,0;28627,3933630575
2018-11-27;22000,0;28083,10617623515
2018-11-28;22000,0;28693,539528767185
2018-11-29;22000,0;28213,79595721829
2018-11-30;22000,0;28641,554736489634
2018-12-03;23000,0;29805,617908356628
2018-12-04;23000,0;29064,44241060557
2018-12-05;23000,0;29383,46857206987
2018-12-06;23000,0;28771,63826902664
2018-12-07;23000,0;29418,89890380087
2018-12-10;23000,0;28841,736178252413
2018-12-11;23000,0;28929,791574077368
2018-12-12;23000,0;29286,704186096227
2018-12-13;23000,0;29167,716859249278
2018-12-14;23000,0;29172,9181002192
2018-12-17;23000,0;29443,190272221447
2018-12-18;23000,0;29609,577077231042
2018-12-19;23000,0;29682,260856205176
2018-12-20;23000,0;29597,69063882496
2018-12-21;23000,0;29460,924205003947
2018-12-24;23000,0;29389,052687793013
2018-12-27;23000,0;29614,304669945
2018-12-28;23000,0;29550,239766029452
2019-01-02;24000,0;31038,687095384346
2019-01-03;24000,0;30787,66688043226
2019-01-04;24000,0;30755,372624987194
2019-01-07;24000,0;31547,925186640172
2019-01-08;24000,0;31940,109860364046
2019-01-09;24000,0;32012,918919949403
2019-01-10;24000,0;32342,27123422553
2019-01-11;24000,0;32935,55501200073
2019-01-14;24000,0;32545,27864633031
2019-01-15;24000,0;33337,21876605092
2019-01-16;24000,0;33188,361560951555
2019-01-17;24000,0;33163,3208684217
2019-01-18;24000,0;33553,35178839855
2019-01-21;24000,0;33391,78834090086
2019-01-22;24000,0;33658,189254816796
2019-01-23;24000,0;33465,435465131915
2019-01-24;24000,0;33795,64275821358
2019-01-25;24000,0;33630,13145569093
2019-01-28;24000,0;33658,115167699485
2019-01-29;24000,0;33744,17248503772
2019-01-30;24000,0;33915,35250593303
2019-01-31;24000,0;34408,830982502965
2019-02-01;25000,0;35457,35255467452
2019-02-04;25000,0;35759,69683083264
2019-02-05;25000,0;35751,05460328541
2019-02-06;25000,0;35290,73055258116
2019-02-07;25000,0;35192,86983230988
2019-02-08;25000,0;35107,864269565514
2019-02-11;25000,0;34929,661162976634
2019-02-12;25000,0;35007,75194873398
2019-02-13;25000,0;35395,0184558532
2019-02-14;25000,0;35638,25599801263
2019-02-15;25000,0;35918,823470574716
2019-02-18;25000,0;36158,74890317831
2019-02-19;25000,0;36487,439898706674
2019-02-20;25000,0;36529,676063193525
2019-02-21;25000,0;36061,44574223959
2019-02-22;25000,0;36156,164280594516
2019-02-25;25000,0;36277,74238654227
2019-02-26;25000,0;35979,45273828238
2019-02-27;25000,0;35979,21610773075
2019-02-28;25000,0;36216,54388837145
2019-03-01;26000,0;37392,58418175241
2019-03-06;26000,0;37314,31381786935
2019-03-07;26000,0;37691,253469748655
2019-03-08;26000,0;37764,11290035627
2019-03-11;26000,0;38291,58607698145
2019-03-12;26000,0;38269,53743713713
2019-03-13;26000,0;38567,64557550841
2019-03-14;26000,0;38201,44422526366
2019-03-15;26000,0;38289,45469195547
2019-03-18;26000,0;38794,77872521551
2019-03-19;26000,0;38935,052513036775
2019-03-20;26000,0;38821,8194817052
2019-03-21;26000,0;38880,38728388874
2019-03-22;26000,0;37925,52523362472
2019-03-25;26000,0;37852,85868777601
2019-03-26;26000,0;38364,17051374245
2019-03-27;26000,0;37647,193864699744
2019-03-28;26000,0;37295,30426317786
2019-03-29;26000,0;38135,501962144124
2019-04-01;27000,0;39607,65074031074
2019-04-02;27000,0;39811,029240724245
2019-04-03;27000,0;39926,06675841313
2019-04-04;27000,0;39596,265237290434
2019-04-05;27000,0;39811,63524144673
2019-04-08;27000,0;40065,039111246435
2019-04-09;27000,0;39757,76083251426
2019-04-10;27000,0;39826,10498154861
2019-04-11;27000,0;39167,640111106455
2019-04-12;27000,0;39271,86622995204
2019-04-15;27000,0;39237,63330442595
2019-04-16;27000,0;39353,39449321131
2019-04-17;27000,0;39671,3422909704
2019-04-18;27000,0;39943,91359291629
2019-04-23;27000,0;40342,216911251344
2019-04-24;27000,0;40664,0464311002
2019-04-25;27000,0;40200,260672406504
2019-04-26;27000,0;40438,95657016277
2019-04-29;27000,0;40732,64123707751
2019-04-30;27000,0;40842,492729088095
2019-05-02;28000,0;41802,39064701586
2019-05-03;28000,0;42163,69946642053
2019-05-07;28000,0;42480,66885740393
2019-05-08;28000,0;42442,70156094814
2019-05-09;28000,0;42606,10795374343
2019-05-10;28000,0;43090,86910329442
2019-05-13;28000,0;43728,44771208214
2019-05-14;28000,0;43862,88793299932
2019-05-15;28000,0;44426,16189104471
2019-05-16;28000,0;44346,68596533243
2019-05-17;28000,0;44084,66676666386
2019-05-20;28000,0;44289,018315235895
2019-05-21;28000,0;44697,114041858054
2019-05-22;28000,0;44656,00076796502
2019-05-23;28000,0;44397,92016792027
2019-05-24;28000,0;44953,364659481325
2019-05-28;28000,0;45420,807870833734
2019-05-29;28000,0;46020,13034253968
2019-05-30;28000,0;45983,406785657986
2019-05-31;28000,0;46643,297824455476
2019-06-03;29000,0;47377,9334219228
2019-06-04;29000,0;47786,551492691004
2019-06-05;29000,0;47562,49600743737
2019-06-06;29000,0;47559,43637803076
2019-06-07;29000,0;47793,481437007315
2019-06-10;29000,0;47913,06849098767
2019-06-11;29000,0;48104,07417069755
2019-06-12;29000,0;48201,01305710476
2019-06-13;29000,0;48185,905531888064
2019-06-14;29000,0;48489,41981333268
2019-06-17;29000,0;49051,41395806923
2019-06-18;29000,0;49488,81952291716
2019-06-19;29000,0;49123,43652456124
2019-06-21;29000,0;50532,37486252195
2019-06-24;29000,0;51019,48880063039
2019-06-25;29000,0;51518,126535802876
2019-06-26;29000,0;52523,95923987734
2019-06-27;29000,0;51702,979822412584
2019-06-28;29000,0;53196,558751490265
2019-07-01;30000,0;53800,20875727232
2019-07-02;30000,0;54025,51540211155
2019-07-03;30000,0;53993,32353888064
2019-07-04;30000,0;53886,91410009294
2019-07-05;30000,0;53197,7387081022
2019-07-08;30000,0;54188,631282129936
2019-07-09;30000,0;54163,99969564248
2019-07-10;30000,0;54182,86403506866
2019-07-11;30000,0;53689,09841465567
2019-07-12;30000,0;53948,436616771396
2019-07-15;30000,0;53271,07687059538
2019-07-16;30000,0;52344,566557621234
2019-07-17;30000,0;52060,28576859223
2019-07-18;30000,0;52474,507887263004
2019-07-19;30000,0;52184,56124854119
2019-07-22;30000,0;52277,07914017307
2019-07-23;30000,0;52536,82164548304
2019-07-24;30000,0;52883,45874602894
2019-07-25;30000,0;53284,376552447175
2019-07-26;30000,0;52803,8084666165
2019-07-29;30000,0;53033,725569291244
2019-07-30;30000,0;53048,07722819609
2019-07-31;30000,0;52964,8544347951
2019-08-01;31000,0;54536,81855383629
2019-08-02;31000,0;53932,267703789876
2019-08-05;31000,0;53858,333662463774
2019-08-06;31000,0;54512,317266293896
2019-08-07;31000,0;55135,82673606001
2019-08-08;31000,0;55650,68617491265
2019-08-09;31000,0;55541,1391999812
2019-08-12;31000,0;54887,9877571136
2019-08-13;31000,0;55430,057326942515
2019-08-14;31000,0;54870,178659040226
2019-08-15;31000,0;55069,06572725795
2019-08-16;31000,0;55345,90112568185
2019-08-19;31000,0;55878,596343216836
2019-08-20;31000,0;55457,846532904245
2019-08-21;31000,0;55808,23700521592
2019-08-22;31000,0;55467,110366277855
2019-08-23;31000,0;55304,53381641207
2019-08-27;31000,0;55007,249331610474
2019-08-28;31000,0;54187,339304597175
2019-08-29;31000,0;54118,205574711785
2019-08-30;31000,0;54267,03580919559
2019-09-02;32000,0;55837,54061200302
2019-09-03;32000,0;55786,71312582287
2019-09-04;32000,0;56260,039702143644
2019-09-05;32000,0;56552,87792092257
2019-09-06;32000,0;56142,75664323272
2019-09-09;32000,0;56402,265331632094
2019-09-10;32000,0;56115,79606198455
2019-09-11;32000,0;56048,30306865623
2019-09-12;32000,0;56598,44283642319
2019-09-13;32000,0;56389,93520185375
2019-09-16;32000,0;56330,57852132051
2019-09-17;32000,0;56398,333821572785
2019-09-18;32000,0;57249,9903295242
2019-09-19;32000,0;58064,8632380481
2019-09-20;32000,0;57939,236827200344
2019-09-23;32000,0;58113,40506762879
2019-09-24;32000,0;58015,57160907393
2019-09-25;32000,0;57420,98423061463
2019-09-26;32000,0;57978,145892394066
2019-09-27;32000,0;58225,86858008275
2019-09-30;32000,0;58190,47124257671
2019-10-01;33000,0;58908,94290102786
2019-10-02;33000,0;58623,189446814686
2019-10-03;33000,0;58956,368300261434
2019-10-04;33000,0;59125,769705361934
2019-10-07;33000,0;58954,69141423999
2019-10-08;33000,0;58977,36384918557
2019-10-09;33000,0;58762,92804927446
2019-10-10;33000,0;59133,79167339505
2019-10-11;33000,0;59964,30458961334
2019-10-14;33000,0;60473,44500293078
2019-10-15;33000,0;60758,418910659566
2019-10-16;33000,0;60710,03757454031
2019-10-17;33000,0;61109,83367729232
2019-10-18;33000,0;61656,010646953786
2019-10-21;33000,0;62030,843654204735
2019-10-22;33000,0;62007,29104391901
2019-10-23;33000,0;61812,56412601535
2019-10-24;33000,0;61600,58403487634
2019-10-25;33000,0;62441,50666681164
2019-10-28;33000,0;62424,41982705164
2019-10-29;33000,0;63007,80470779037
2019-10-30;33000,0;63410,26353517783
2019-10-31;33000,0;64137,84198770333
2019-11-01;34000,0;65758,96585841937
2019-11-04;34000,0;66550,61207915231
2019-11-05;34000,0;66226,1083702001
2019-11-06;34000,0;66145,23629331912
2019-11-07;34000,0;66189,8096597006
2019-11-08;34000,0;64842,89608430676
2019-11-11;34000,0;64438,065142352745
2019-11-12;34000,0;64348,76139710232
2019-11-13;34000,0;64105,04372407246
2019-11-14;34000,0;63982,95796893823
2019-11-18;34000,0;64253,09359479078
2019-11-19;34000,0;63894,260738241755
2019-11-21;34000,0;63275,21291977387
2019-11-22;34000,0;63244,67794774105
2019-11-25;34000,0;63564,70745369061
2019-11-26;34000,0;62492,71860443917
2019-11-27;34000,0;62678,49872853683
2019-11-28;34000,0;61646,99527344463
2019-11-29;34000,0;62541,07380735411
2019-12-02;35000,0;62803,146609298645
2019-12-03;35000,0;62942,315106883405
2019-12-04;35000,0;62982,092879535616
2019-12-05;35000,0;62958,13005761498
2019-12-06;35000,0;63217,51751901223
2019-12-09;35000,0;63161,13070539731
2019-12-10;35000,0;63198,272142974274
2019-12-11;35000,0;64018,89927988126
2019-12-12;35000,0;64363,17936820846
2019-12-13;35000,0;64752,00201902743
2019-12-16;35000,0;64726,0826700602
2019-12-17;35000,0;63832,328441819365
2019-12-18;35000,0;62857,4972812888
2019-12-19;35000,0;62491,86593660725
2019-12-20;35000,0;61876,180769954335
2019-12-23;35000,0;62202,96188670009
2019-12-27;35000,0;62702,32879855507
2019-12-30;35000,0;62908,850377029856
2020-01-02;36000,0;64533,075714288716
2020-01-03;36000,0;64045,13979436046
2020-01-06;36000,0;64229,87676605351
2020-01-07;36000,0;64168,988271795795
2020-01-08;36000,0;64213,84865776049
2020-01-09;36000,0;64423,087760377704
2020-01-10;36000,0;64452,91480890248
2020-01-13;36000,0;65071,167258069625
2020-01-14;36000,0;64818,26662420442
2020-01-15;36000,0;65936,64846102564
2020-01-16;36000,0;65394,039639392504
2020-01-17;36000,0;65368,101064200964
2020-01-20;36000,0;65184,16493017532
2020-01-21;36000,0;64693,53275269249
2020-01-22;36000,0;64638,901390954336
2020-01-23;36000,0;64742,54692168518
2020-01-24;36000,0;65072,309628880015
2020-01-27;36000,0;65162,76692156897
2020-01-28;36000,0;65360,083919177465
2020-01-29;36000,0;65993,65522571003
2020-01-30;36000,0;66357,38423542636
2020-01-31;36000,0;66074,61494101984
2020-02-03;37000,0;66922,34673055344
2020-02-04;37000,0;67200,18780789846
2020-02-05;37000,0;68013,66717707743
2020-02-06;37000,0;68871,69862202516
2020-02-07;37000,0;68583,2335193041
2020-02-10;37000,0;68722,10889069375
2020-02-11;37000,0;69634,06845269012
2020-02-12;37000,0;69898,77485887695
2020-02-13;37000,0;69488,06827886312
2020-02-14;37000,0;69791,3552517817
2020-02-17;37000,0;70055,92012668439
2020-02-18;37000,0;69937,47984284467
2020-02-19;37000,0;69955,35590863509
2020-02-20;37000,0;70539,41737341766
2020-02-21;37000,0;69636,33189952427
2020-02-26;37000,0;67831,19889372392
2020-02-27;37000,0;66295,84103603488
2020-02-28;37000,0;66421,92568192302
2020-03-02;38000,0;69125,96789387861
2020-03-03;38000,0;68653,18046569248
2020-03-04;38000,0;69464,60649455269
2020-03-05;38000,0;69447,00497652423
2020-03-06;38000,0;67138,92861121237
2020-03-09;38000,0;65639,16031566013
2020-03-10;38000,0;63761,491842359734
2020-03-11;38000,0;64244,1850349486
2020-03-12;38000,0;50910,90159826627
2020-03-13;38000,0;56850,63330522048
2020-03-16;38000,0;54290,3249765242
2020-03-17;38000,0;57580,90402636085
2020-03-18;38000,0;53615,37191509108
2020-03-19;38000,0;51853,63111676239
2020-03-20;38000,0;50416,29814018625
2020-03-23;38000,0;50936,886187832184
2020-03-24;38000,0;51497,66825549894
2020-03-25;38000,0;52289,95607808356
2020-03-26;38000,0;54366,70483629973
2020-03-27;38000,0;55436,676036654055
2020-03-30;38000,0;56811,78396454791
2020-03-31;38000,0;56060,34925702032
2020-04-01;39000,0;55710,58207690538
2020-04-02;39000,0;56165,53550767901
2020-04-03;39000,0;55155,40850376391
2020-04-06;39000,0;56087,512799038814
2020-04-07;39000,0;56460,37527041871
2020-04-08;39000,0;55813,874205605134
2020-04-09;39000,0;56341,863991571176
2020-04-14;39000,0;57454,598187964475
2020-04-15;39000,0;57689,11204721511
2020-04-16;39000,0;59259,82344003776
2020-04-17;39000,0;61121,17209070726
2020-04-20;39000,0;60864,557065304434
2020-04-22;39000,0;62521,65138645527
2020-04-23;39000,0;62588,3831987908
2020-04-24;39000,0;61778,44224481444
2020-04-27;39000,0;60430,61424461289
2020-04-28;39000,0;59947,777502095385
2020-04-29;39000,0;62780,92224491637
2020-04-30;39000,0;62751,44425200545
2020-05-04;40000,0;62457,095958923994
2020-05-05;40000,0;64141,0846136962
2020-05-06;40000,0;63472,97806628536
2020-05-07;40000,0;64900,056551102185
2020-05-11;40000,0;62747,29742300468
2020-05-12;40000,0;63342,197160342526
2020-05-13;40000,0;62140,42940831521
2020-05-14;40000,0;61113,10497931218
2020-05-15;40000,0;61825,042474727124
2020-05-18;40000,0;63136,87369844217
2020-05-19;40000,0;63485,82499886091
2020-05-20;40000,0;64024,73231690617
2020-05-21;40000,0;63432,28721217207
2020-05-22;40000,0;64181,31583560332
2020-05-26;40000,0;65504,79243941772
2020-05-27;40000,0;64337,92787935662
2020-05-28;40000,0;64261,82028367809
2020-05-29;40000,0;65183,89053792916
2020-06-01;41000,0;66124,60741148806
2020-06-02;41000,0;66086,42267919276
2020-06-03;41000,0;65937,08636608117
2020-06-04;41000,0;66539,90980220014
2020-06-05;41000,0;66939,97239490548
2020-06-08;41000,0;66743,89458028144
2020-06-09;41000,0;66416,67357411615
2020-06-10;41000,0;66525,98806277517
2020-06-12;41000,0;66409,72925438453
2020-06-15;41000,0;66866,58544752271
2020-06-16;41000,0;68227,48225878834
2020-06-17;41000,0;68436,79992161259
2020-06-18;41000,0;68415,84978699154
2020-06-19;41000,0;68222,82528988988
2020-06-22;41000,0;67391,81357987372
2020-06-23;41000,0;67228,17625258579
2020-06-24;41000,0;66869,28050822849
2020-06-25;41000,0;66820,49974931158
2020-06-26;41000,0;67910,21491166358
2020-06-29;41000,0;67592,30248061231
2020-06-30;41000,0;68556,90443582053
2020-07-01;42000,0;69812,64196501966
2020-07-02;42000,0;70213,10474128644
2020-07-03;42000,0;70815,54591734993
2020-07-06;42000,0;72203,39472512645
2020-07-07;42000,0;71621,94487724648
2020-07-08;42000,0;71452,48113418606
2020-07-09;42000,0;71396,13788018837
2020-07-10;42000,0;72776,02662178561
2020-07-13;42000,0;73579,78041458636
2020-07-14;42000,0;73607,93745402628
2020-07-15;42000,0;73825,31403679015
2020-07-16;42000,0;73719,10807203359
2020-07-17;42000,0;74832,18130961011
2020-07-20;42000,0;75802,39143870746
2020-07-21;42000,0;74826,39646266006
2020-07-22;42000,0;74727,23164567008
2020-07-23;42000,0;74883,63271119507
2020-07-24;42000,0;75563,44093327157
2020-07-27;42000,0;76180,35781721628
2020-07-28;42000,0;76397,25727065698
2020-07-29;42000,0;76843,29677472987
2020-07-30;42000,0;76457,73276272662
2020-07-31;42000,0;78374,48507870607
2020-08-03;43000,0;80028,885064981
2020-08-04;43000,0;80277,96306024007
2020-08-05;43000,0;80686,73041850809
2020-08-06;43000,0;79288,96386968695
2020-08-07;43000,0;80214,66651438907
2020-08-10;43000,0;79585,57867520035
2020-08-11;43000,0;78159,66264683176
2020-08-12;43000,0;77556,4614298531
2020-08-13;43000,0;77930,83206781883
2020-08-14;43000,0;75913,10107925169
2020-08-17;43000,0;76980,71933822086
2020-08-18;43000,0;78778,33261828736
2020-08-19;43000,0;79025,24500205588
2020-08-20;43000,0;76943,06603526094
2020-08-21;43000,0;78562,8830455816
2020-08-24;43000,0;79856,97830016498
2020-08-25;43000,0;78758,90892570303
2020-08-26;43000,0;78614,97965579531
2020-08-27;43000,0;78911,77346555592
2020-08-28;43000,0;78673,05526070228
2020-09-01;44000,0;78478,46690893496
2020-09-02;44000,0;78987,5511435371
2020-09-03;44000,0;77635,86781867321
2020-09-04;44000,0;78339,39092774916
2020-09-08;44000,0;76975,96806710624
2020-09-09;44000,0;77659,75291429834
2020-09-10;44000,0;77101,37390544024
2020-09-11;44000,0;76345,59901209564
2020-09-14;44000,0;77026,01857906609
2020-09-15;44000,0;76678,50456058055
2020-09-16;44000,0;76287,10759832588
2020-09-17;44000,0;75296,50435151743
2020-09-18;44000,0;75335,2859232062
2020-09-21;44000,0;72896,86685172272
2020-09-22;44000,0;74146,05320140549
2020-09-23;44000,0;74167,38210195846
2020-09-24;44000,0;73905,40565592126
2020-09-25;44000,0;75269,67352735235
2020-09-28;44000,0;76214,88791836423
2020-09-29;44000,0;73475,45929823315
2020-09-30;44000,0;74086,03730288502
2020-10-01;45000,0;75626,15129953242
2020-10-02;45000,0;76591,04828958272
2020-10-05;45000,0;74506,3175976005
2020-10-06;45000,0;75229,3638406186
2020-10-07;45000,0;74813,48270004145
2020-10-08;45000,0;74712,21526785834
2020-10-09;45000,0;75797,76182553616
2020-10-13;45000,0;77295,05873091487
2020-10-14;45000,0;77270,05912630312
2020-10-15;45000,0;76423,03076505303
2020-10-16;45000,0;76441,7833660058
2020-10-19;45000,0;77219,68749563384
2020-10-20;45000,0;77747,50789071537
2020-10-21;45000,0;78040,60524187767
2020-10-22;45000,0;77679,24406048644
2020-10-23;45000,0;78038,77146298473
2020-10-26;45000,0;77085,6628464461
2020-10-27;45000,0;77095,88090856177
2020-10-28;45000,0;75557,73645248945
2020-10-29;45000,0;76534,7781958691
2020-10-30;45000,0;76338,92867173601
2020-11-03;46000,0;78427,27508085957
2020-11-04;46000,0;78908,1916126076
2020-11-05;46000,0;79569,9860593596
2020-11-06;46000,0;80086,26050945619
2020-11-09;46000,0;81121,04095319075
2020-11-10;46000,0;81611,02996347714
2020-11-11;46000,0;80086,84711238566
2020-11-12;46000,0;80464,1577169341
2020-11-13;46000,0;80343,42506472714
2020-11-16;46000,0;81357,64938082725
2020-11-17;46000,0;80481,06902434916
2020-11-18;46000,0;79786,10800922352
2020-11-19;46000,0;79186,85736058184
2020-11-20;46000,0;80286,07378219865
2020-11-23;46000,0;79670,47719426008
2020-11-24;46000,0;80542,77226980196
2020-11-25;46000,0;80657,3035569838
2020-11-26;46000,0;80203,89127356757
2020-11-27;46000,0;81561,2206154361
2020-11-30;46000,0;82728,32029550389
2020-12-01;47000,0;83523,59342049307
2020-12-02;47000,0;84224,23752256884
2020-12-03;47000,0;84056,1868751946
2020-12-04;47000,0;85073,42989780798
2020-12-07;47000,0;85534,70172229402
2020-12-08;47000,0;84755,88646056432
2020-12-09;47000,0;85427,4782239977
2020-12-10;47000,0;86152,77853590189
2020-12-11;47000,0;86372,19171780678
2020-12-14;47000,0;88010,31787608928
2020-12-15;47000,0;89209,08091290738
2020-12-16;47000,0;90639,17400741612
2020-12-17;47000,0;91686,5915178817
2020-12-18;47000,0;91703,05135785186
2020-12-21;47000,0;91255,21749110878
2020-12-22;47000,0;92706,93347301424
2020-12-23;47000,0;93090,1888555382
2020-12-29;47000,0;95544,22033477432
2020-12-30;47000,0;96516,21823597004
2021-01-04;48000,0;98794,83167865302
2021-01-05;48000,0;100538,3405650362
2021-01-06;48000,0;100107,5738640081
2021-01-07;48000,0;101852,4100143319
2021-01-08;48000,0;102384,05563821374
2021-01-11;48000,0;99778,01909341269
2021-01-12;48000,0;98676,8172888972
2021-01-13;48000,0;100080,17164605498
2021-01-14;48000,0;100380,45348730778
2021-01-15;48000,0;99533,47590303623
2021-01-18;48000,0;99107,60267006014
2021-01-19;48000,0;99514,14503670036
2021-01-20;48000,0;97804,93920719696
2021-01-21;48000,0;96603,5197926337
2021-01-22;48000,0;96717,4093535528
2021-01-26;48000,0;97081,25791359156
2021-01-27;48000,0;95482,44345074084
2021-01-28;48000,0;97587,87140255663
2021-01-29;48000,0;99528,99235569828
2021-02-01;49000,0;101520,90741404393
2021-02-02;49000,0;100567,09827714894
2021-02-03;49000,0;100878,12526988728
2021-02-04;49000,0;102233,02486316834
2021-02-05;49000,0;101893,80125228078
2021-02-08;49000,0;103201,72447396962
2021-02-09;49000,0;102755,4672035656
2021-02-10;49000,0;101807,56815531496
2021-02-11;49000,0;103096,89554798626
2021-02-12;49000,0;102586,96478231615
2021-02-17;49000,0;102576,39437577884
2021-02-18;49000,0;103079,32776079499
2021-02-19;49000,0;102810,89513261997
2021-02-22;49000,0;100902,41972442555
2021-02-23;49000,0;101353,078475072
2021-02-24;49000,0;100773,76973985787
2021-02-25;49000,0;98308,95464509829
2021-02-26;49000,0;99829,31299885933
2021-03-01;50000,0;100669,23651629506
2021-03-02;50000,0;99579,58366504217
2021-03-03;50000,0;99947,08710519316
2021-03-04;50000,0;103098,326316044
2021-03-05;50000,0;101935,27212356024
2021-03-08;50000,0;104014,20234777617
2021-03-09;50000,0;104302,42035817767
2021-03-10;50000,0;105369,7070655123
2021-03-11;50000,0;105981,29799943935
2021-03-12;50000,0;104153,7049507861
2021-03-15;50000,0;105003,36211566551
2021-03-16;50000,0;105398,16592273636
2021-03-17;50000,0;105245,70450041097
2021-03-18;50000,0;105374,77505199707
2021-03-19;50000,0;103546,4135497972
2021-03-22;50000,0;100568,3144459453
2021-03-23;50000,0;99125,62471736218
2021-03-24;50000,0;98838,84071367343
2021-03-25;50000,0;96557,30513296582
2021-03-26;50000,0;100488,79420341234
2021-03-29;50000,0;101324,36629033295
2021-03-30;50000,0;102742,80799225593
2021-03-31;50000,0;101338,51291270145
2021-04-01;51000,0;102752,33622095431
2021-04-06;51000,0;102383,38210632262
2021-04-07;51000,0;101224,59211567367
2021-04-08;51000,0;102328,77728566102
2021-04-09;51000,0;102633,9347114831
2021-04-12;51000,0;102853,29907495808
2021-04-13;51000,0;103553,72944697304
2021-04-14;51000,0;102538,12516233734
2021-04-15;51000,0;102375,90928586814
2021-04-16;51000,0;103196,88577951156
2021-04-19;51000,0;102147,58347392586
2021-04-20;51000,0;100506,17990126422
2021-04-22;51000,0;99833,92245953182
2021-04-23;51000,0;101212,49778562825
2021-04-26;51000,0;101826,63132470683
2021-04-27;51000,0;103591,27647670917
2021-04-28;51000,0;102972,41338235483
2021-04-29;51000,0;102036,35832847198
2021-04-30;51000,0;103466,83472166739
2021-05-04;52000,0;102289,44627456527
2021-05-05;52000,0;100777,21999450933
2021-05-06;52000,0;100164,50662407748
2021-05-07;52000,0;99232,33956216172
2021-05-10;52000,0;99953,51371947296
2021-05-11;52000,0;99766,43050526603
2021-05-12;52000,0;98644,42619660389
2021-05-13;52000,0;99131,10363715129
2021-05-14;52000,0;99496,77808155888
2021-05-17;52000,0;97852,87581370286
2021-05-18;52000,0;99531,35121220206
2021-05-19;52000,0;95635,65116840415
2021-05-20;52000,0;97852,63335288771
2021-05-21;52000,0;97449,02031316856
2021-05-24;52000,0;97989,36476343324
2021-05-25;52000,0;98101,1827992034
2021-05-26;52000,0;97739,00175227397
2021-05-27;52000,0;97316,43344364487
2021-05-28;52000,0;97130,26718182227
2021-06-01;53000,0;99434,81166955712
2021-06-02;53000,0;98868,79435946369
2021-06-04;53000,0;99355,75712604274
2021-06-07;53000,0;99661,34583618685
2021-06-08;53000,0;99524,6241297768
2021-06-09;53000,0;100306,057703584
2021-06-10;53000,0;100068,07292681947
2021-06-11;53000,0;100262,2965383123
2021-06-14;53000,0;99708,5527769685
2021-06-15;53000,0;100624,81142907211
2021-06-16;53000,0;99229,95834249374
2021-06-17;53000,0;100900,53413419687
2021-06-18;53000,0;98016,8832593012
2021-06-21;53000,0;97395,7037905745
2021-06-22;53000,0;96932,43179253585
2021-06-23;53000,0;97206,5956938599
2021-06-24;53000,0;97818,8357087231
2021-06-25;53000,0;98116,13332934647
2021-06-28;53000,0;97595,24159199226
2021-06-29;53000,0;99383,98352120284
2021-06-30;53000,0;98968,76999826818
2021-07-01;54000,0;99714,90170268712
2021-07-02;54000,0;100343,66845110482
2021-07-05;54000,0;100999,00371186934
2021-07-06;54000,0;101392,88633987622
2021-07-07;54000,0;102437,23735395675
2021-07-08;54000,0;101847,52548067618
2021-07-12;54000,0;100577,77686390484
2021-07-13;54000,0;100189,37041258077
2021-07-14;54000,0;100140,78918162019
2021-07-15;54000,0;99510,19714573625
2021-07-16;54000,0;100862,33841879723
2021-07-19;54000,0;100682,32965587647
2021-07-20;54000,0;101717,32448306654
2021-07-21;54000,0;102399,55987625402
2021-07-22;54000,0;101901,6767257532
2021-07-23;54000,0;101945,49990730105
2021-07-26;54000,0;102558,01986081844
2021-07-27;54000,0;101509,27046527894
2021-07-28;54000,0;101133,68870297514
2021-07-29;54000,0;100707,71888119768
2021-07-30;54000,0;100900,9176214179
2021-08-02;55000,0;100937,94412401045
2021-08-03;55000,0;99942,90921180593
2021-08-04;55000,0;102367,04116891063
2021-08-05;55000,0;101970,64596350267
2021-08-06;55000,0;99870,63959434612
2021-08-09;55000,0;100934,44259039806
2021-08-10;55000,0;99657,43023128106
2021-08-11;55000,0;100122,7097165827
2021-08-12;55000,0;99293,02362603198
2021-08-13;55000,0;98339,72973488815
2021-08-16;55000,0;96772,35236770072
2021-08-17;55000,0;95879,57577287701
2021-08-18;55000,0;95749,99989990222
2021-08-19;55000,0;93912,74908111434
2021-08-20;55000,0;95446,6455602189
2021-08-23;55000,0;96614,90823063266
2021-08-24;55000,0;96877,49355430545
2021-08-25;55000,0;97379,9355131146
2021-08-26;55000,0;99605,40478983568
2021-08-27;55000,0;99042,8604554215
2021-08-31;55000,0;98234,344288653
2021-09-01;56000,0;98885,93101280273
2021-09-02;56000,0;99296,2155580598
2021-09-03;56000,0;99257,8318647869
2021-09-06;56000,0;98854,42123691743
2021-09-08;56000,0;97675,44304317888
2021-09-09;56000,0;96314,7816155786
2021-09-10;56000,0;97889,9046557236
2021-09-13;56000,0;99241,2520977113
2021-09-14;56000,0;98735,53688782369
2021-09-15;56000,0;99785,07961948968
2021-09-16;56000,0;99705,75006113846
2021-09-17;56000,0;98732,03532048951
2021-09-20;56000,0;96574,27307431638
2021-09-21;56000,0;98448,11497694645
2021-09-22;56000,0;98299,66883204802
2021-09-23;56000,0;98996,63211261223
2021-09-24;56000,0;96642,24480511017
2021-09-27;56000,0;96803,92600301326
2021-09-28;56000,0;95956,5077034054
2021-09-29;56000,0;96601,95191629147
2021-09-30;56000,0;96608,65318586915
2021-10-01;57000,0;97341,0523137945
2021-10-04;57000,0;98250,9056870933
2021-10-05;57000,0;98453,52405547498
2021-10-06;57000,0;97955,18287864026
2021-10-07;57000,0;99275,46670556934
2021-10-08;57000,0;99405,15379238375
2021-10-11;57000,0;98653,34603104022
2021-10-13;57000,0;99673,01915445039
2021-10-14;57000,0;100052,64745646893
2021-10-15;57000,0;99291,55288295742
2021-10-18;57000,0;98869,26816656778
2021-10-19;57000,0;97789,78466724628
2021-10-20;57000,0;99033,67160776223
2021-10-21;57000,0;95030,19514314321
2021-10-22;57000,0;95799,70357645635
2021-10-25;57000,0;96067,12375444578
2021-10-26;57000,0;94463,1512190177
2021-10-27;57000,0;94167,2755501246
2021-10-28;57000,0;94217,49594772387
2021-10-29;57000,0;93082,59480713187
2021-11-01;58000,0;97394,26691865087
2021-11-03;58000,0;95642,71900729694
2021-11-04;58000,0;100210,35232083275
2021-11-05;58000,0;98692,76409516686
2021-11-08;58000,0;99444,72428280662
2021-11-09;58000,0;100261,11566749006
2021-11-10;58000,0;98990,0076756606
2021-11-11;58000,0;100025,08707610106
2021-11-12;58000,0;99713,69237064257
2021-11-16;58000,0;100551,43389904151
2021-11-17;58000,0;98940,51734282705
2021-11-18;58000,0;99509,8551953843
2021-11-19;58000,0;100137,30550235737
2021-11-22;58000,0;99838,40003851935
2021-11-23;58000,0;99551,44758560315
2021-11-24;58000,0;100262,34028468432
2021-11-25;58000,0;100869,59063719332
2021-11-26;58000,0;98815,83278392638
2021-11-29;58000,0;99946,17899642207
2021-11-30;58000,0;100203,71637233763
2021-12-01;59000,0;102508,65125973143
2021-12-02;59000,0;100270,47886149766
2021-12-03;59000,0;101178,63426291588
2021-12-06;59000,0;101042,03217351812
2021-12-07;59000,0;100949,56236939736
2021-12-08;59000,0;101245,30344043307
2021-12-09;59000,0;101757,7705538639
2021-12-10;59000,0;101686,88400324719
2021-12-13;59000,0;103834,38521641183
2021-12-14;59000,0;103417,04598622114
2021-12-15;59000,0;102942,53317844399
2021-12-16;59000,0;103428,66935836658
2021-12-17;59000,0;101364,46684203151
2021-12-20;59000,0;99441,07261271925
2021-12-21;59000,0;102022,80164738916
2021-12-22;59000,0;102312,79040483199
2021-12-23;59000,0;103726,37666993108
2021-12-29;59000,0;101553,65335520363
2021-12-30;59000,0;100995,15942226429
2022-01-04;60000,0;101528,04843970231
2022-01-05;60000,0;100031,38294268935
2022-01-06;60000,0;97854,01138582184
2022-01-07;60000,0;97043,54143520449
2022-01-10;60000,0;96362,2043853234
2022-01-11;60000,0;95236,51481255262
2022-01-12;60000,0;94800,43675273676
2022-01-13;60000,0;94055,39717557958
2022-01-14;60000,0;95065,15017156315
2022-01-17;60000,0;94695,0397416477
2022-01-18;60000,0;93987,47163329851
2022-01-19;60000,0;93570,20302841318
2022-01-20;60000,0;92997,25697778116
2022-01-21;60000,0;91570,21217873464
2022-01-24;60000,0;92654,68124707369
2022-01-25;60000,0;92917,17683394643
2022-01-26;60000,0;92588,6365921687
2022-01-27;60000,0;90945,33464197308
2022-01-28;60000,0;92440,96110888066
2022-01-31;60000,0;92263,88175659887
2022-02-01;61000,0;94313,34448737152
2022-02-02;61000,0;94211,0471571939
2022-02-03;61000,0;94497,33534100057
2022-02-04;61000,0;94805,54107384323
2022-02-07;61000,0;94949,85184554104
2022-02-08;61000,0;95323,3398487449
2022-02-09;61000,0;96032,40886281866
2022-02-10;61000,0;93802,70441672078
2022-02-11;61000,0;93321,10719875882
2022-02-14;61000,0;92789,40450846561
2022-02-15;61000,0;93657,86967728018
2022-02-16;61000,0;95030,8445573787
2022-02-17;61000,0;93564,38929372429
2022-02-18;61000,0;92231,79736689103
2022-02-21;61000,0;90701,23206026183
2022-02-22;61000,0;91206,60370611682
2022-02-23;61000,0;89795,94092805646
2022-02-24;61000,0;89179,12092141235
2022-02-25;61000,0;91803,87026963505
2022-03-02;62000,0;93325,04397324559
2022-03-03;62000,0;91315,60216111956
2022-03-04;62000,0;90760,02992262389
2022-03-07;62000,0;88520,36570487934
2022-03-08;62000,0;88784,29528963972
2022-03-09;62000,0;90494,93955739055
2022-03-10;62000,0;89412,71775495385
2022-03-11;62000,0;90212,50270709407
2022-03-14;62000,0;88759,85988810411
2022-03-15;62000,0;90251,219246407
2022-03-16;62000,0;90748,320448989
2022-03-17;62000,0;90709,49174457138
2022-03-18;62000,0;91409,74969624137
2022-03-21;62000,0;91581,28674473823
2022-03-22;62000,0;92180,09621161928
2022-03-23;62000,0;93480,5239188
2022-03-24;62000,0;93615,31599019325
2022-03-25;62000,0;96476,91389333416
2022-03-28;62000,0;98189,83107257356
2022-03-29;62000,0;98047,85447268136
2022-03-30;62000,0;96749,8069089095
2022-03-31;62000,0;96766,14497646406
2022-04-01;63000,0;97400,07937015512
2022-04-04;63000,0;98691,66112570766
2022-04-05;63000,0;98549,0372265091
2022-04-06;63000,0;96962,72934689207
2022-04-07;63000,0;98211,27163245219
2022-04-08;63000,0;98045,32908016475
2022-04-11;63000,0;95939,88218977636
2022-04-12;63000,0;94628,38668260306
2022-04-13;63000,0;95123,14877129754
2022-04-14;63000,0;94166,95100195799
2022-04-19;63000,0;95255,98591379648
2022-04-20;63000,0;94903,13179980514
2022-04-22;63000,0;93631,60675897283
2022-04-25;63000,0;94890,38342389569
2022-04-26;63000,0;94983,42625186131
2022-04-27;63000,0;95352,05919935311
2022-04-28;63000,0;95368,35205814717
2022-04-29;63000,0;94779,49584365594
2022-05-03;64000,0;95740,30828039328
2022-05-04;64000,0;95086,7147742644
2022-05-05;64000,0;95907,42088241619
2022-05-06;64000,0;94653,83671354022
2022-05-09;64000,0;92789,75155003878
2022-05-10;64000,0;93699,61895445338
2022-05-11;64000,0;91691,2977203049
2022-05-12;64000,0;91728,34482276939
2022-05-13;64000,0;93247,46666969829
2022-05-16;64000,0;93782,00916079154
2022-05-17;64000,0;95840,07436978136
2022-05-18;64000,0;94493,11726783322
2022-05-19;64000,0;94567,51010543136
2022-05-20;64000,0;94014,97777432621
2022-05-23;64000,0;94454,06915340025
2022-05-24;64000,0;92585,86330962437
2022-05-25;64000,0;91811,96984478305
2022-05-26;64000,0;92818,56663231822
2022-05-27;64000,0;93678,54582224642
2022-05-30;64000,0;94097,8476086324
2022-05-31;64000,0;93278,67935320086
2022-06-01;65000,0;94479,05257768653
2022-06-06;65000,0;94788,40500646128
2022-06-07;65000,0;94463,84326992554
2022-06-08;65000,0;93871,00118938857
2022-06-09;65000,0;95385,64760396595
2022-06-10;65000,0;95479,33136744332
2022-06-13;65000,0;92988,27569184886
2022-06-14;65000,0;94018,58309684969
2022-06-15;65000,0;93635,79667097962
2022-06-17;65000,0;93461,83276847505
2022-06-20;65000,0;94988,12249000063
2022-06-21;65000,0;94683,98704437367
2022-06-22;65000,0;93758,92008327118
2022-06-23;65000,0;93658,6944150001
2022-06-24;65000,0;94433,60821383416
2022-06-27;65000,0;94012,65645099284
2022-06-28;65000,0;91895,5968852256
2022-06-29;65000,0;91691,14171833302
2022-06-30;65000,0;91816,04704787547
2022-07-01;66000,0;93621,68219009151
2022-07-04;66000,0;92615,0381557508
2022-07-05;66000,0;92295,27553961982
2022-07-06;66000,0;92124,77860734219
2022-07-07;66000,0;92044,31833859363
2022-07-08;66000,0;91253,98521494072
2022-07-11;66000,0;88125,83348831139
2022-07-12;66000,0;88619,72400649863
2022-07-13;66000,0;89507,54098873289
2022-07-14;66000,0;89071,21711094218
2022-07-15;66000,0;91400,5353421429
2022-07-18;66000,0;91494,8357436453
2022-07-19;66000,0;89995,33221132621
2022-07-20;66000,0;89701,3587829223
2022-07-21;66000,0;90740,93532514827
2022-07-22;66000,0;91057,19189808141
2022-07-25;66000,0;90973,66763267593
2022-07-26;66000,0;89972,1103590126
2022-07-27;66000,0;88896,56052211384
2022-07-28;66000,0;89545,2998896823
2022-07-29;66000,0;89923,51387114664
2022-08-01;67000,0;90874,32874629059
2022-08-02;67000,0;91271,67796034424
2022-08-03;67000,0;91286,28076585593
2022-08-04;67000,0;92210,56819167243
2022-08-05;67000,0;94903,53933438491
2022-08-08;67000,0;94863,56276749131
2022-08-09;67000,0;95794,94964514094
2022-08-10;67000,0;95393,41930542179
2022-08-11;67000,0;96661,62661308474
2022-08-12;67000,0;96034,0252179924
2022-08-15;67000,0;96998,48525065476
2022-08-16;67000,0;99030,8893644008
2022-08-17;67000,0;96573,77740458123
2022-08-18;67000,0;97931,96247349272
2022-08-19;67000,0;96071,59227907518
2022-08-22;67000,0;95670,9326247847
2022-08-23;67000,0;95188,13493822138
2022-08-24;67000,0;96118,48013211112
2022-08-25;67000,0;96170,80128190973
2022-08-26;67000,0;95593,76424770907
2022-08-30;67000,0;93217,18363748807
2022-08-31;67000,0;93722,92012076176
2022-09-01;68000,0;94540,36171314407
2022-09-02;68000,0;96530,42385579918
2022-09-05;68000,0;96322,04690605921
2022-09-06;68000,0;96140,03007749161
2022-09-08;68000,0;97326,79131400477
2022-09-09;68000,0;98148,86646440238
2022-09-12;68000,0;97917,50142858918
2022-09-13;68000,0;95743,67393806952
2022-09-14;68000,0;94642,10552061509
2022-09-15;68000,0;94419,56210905306
2022-09-16;68000,0;95313,77977351384
2022-09-20;68000,0;95399,39003486041
2022-09-21;68000,0;96118,195553608
2022-09-22;68000,0;96700,76399972678
2022-09-23;68000,0;95909,04204589092
2022-09-26;68000,0;95134,41507185537
2022-09-27;68000,0;97865,01798182087
2022-09-28;68000,0;95518,88730557899
2022-09-29;68000,0;95584,18270606118
2022-09-30;68000,0;96558,4170677769
2022-10-03;69000,0;100378,09506761907
2022-10-04;69000,0;99282,15779206363
2022-10-05;69000,0;98429,36783789945
2022-10-06;69000,0;98664,34033103446
2022-10-07;69000,0;96975,23678331994
2022-10-10;69000,0;96264,8694135982
2022-10-11;69000,0;95381,80953849036
2022-10-13;69000,0;97047,41102700085
2022-10-14;69000,0;96222,47765516368
2022-10-17;69000,0;97296,77509881543
2022-10-18;69000,0;97179,14580523917
2022-10-19;69000,0;96737,63497656827
2022-10-20;69000,0;96835,60920248133
2022-10-21;69000,0;96552,33700517434
2022-10-24;69000,0;96555,29053620492
2022-10-25;69000,0;97689,59547717923
2022-10-26;69000,0;97979,43862517577
2022-10-27;69000,0;97416,29817431659
2022-10-28;69000,0;96609,07084145365
2022-10-31;69000,0;95973,04605388913
2022-11-01;70000,0;98210,0648302972
2022-11-03;70000,0;97230,40528205496
2022-11-04;70000,0;97335,31239776441
2022-11-07;70000,0;96375,23305328019
2022-11-08;70000,0;95358,02186418795
2022-11-09;70000,0;94908,6462786395
2022-11-10;70000,0;92449,58473730656
2022-11-11;70000,0;92309,96194343743
2022-11-14;70000,0;96911,02295025006
2022-11-16;70000,0;94761,54517375279
2022-11-17;70000,0;93653,41642926104
2022-11-18;70000,0;97324,88999758232
2022-11-21;70000,0;95288,23317669844
2022-11-22;70000,0;94679,76835983901
2022-11-23;70000,0;93553,98918084597
2022-11-24;70000,0;95002,2460521813
2022-11-25;70000,0;94178,41241235228
2022-11-28;70000,0;94878,03768428984
2022-11-29;70000,0;94920,36685385594
2022-11-30;70000,0;96967,46676566462
2022-12-01;71000,0;97328,93353636157
2022-12-02;71000,0;99304,77539068839
2022-12-05;71000,0;97663,9757776959
2022-12-06;71000,0;96352,54097404887
2022-12-07;71000,0;94830,24329350036
2022-12-08;71000,0;93735,76963742658
2022-12-09;71000,0;95215,83630972057
2022-12-12;71000,0;94433,34270694511
2022-12-13;71000,0;94063,6936642148
2022-12-14;71000,0;93016,26236601184
2022-12-15;71000,0;94099,92555807809
2022-12-16;71000,0;91875,43840362372
2022-12-19;71000,0;91624,11362951313
2022-12-20;71000,0;91300,63603369209
2022-12-21;71000,0;92349,67373903276
2022-12-22;71000,0;90708,64415362818
2022-12-23;71000,0;92520,09434128304
2022-12-28;71000,0;94685,22574347543
2022-12-29;71000,0;95465,63242532416
2023-01-03;72000,0;95126,16280880242
2023-01-04;72000,0;94479,4463116873
2023-01-05;72000,0;95360,89224896129
2023-01-06;72000,0;94847,82188276628
2023-01-09;72000,0;94455,03414894736
2023-01-10;72000,0;95266,18879153892
2023-01-11;72000,0;95863,92628397576
2023-01-12;72000,0;98439,98554354823
2023-01-13;72000,0;97214,99871655127
2023-01-16;72000,0;97518,31055724341
2023-01-17;72000,0;96554,63252786742
2023-01-18;72000,0;97033,76275467429
2023-01-19;72000,0;94154,06851135855
2023-01-20;72000,0;97165,29721264035
2023-01-23;72000,0;95063,51593387166
2023-01-24;72000,0;94503,52020891878
2023-01-25;72000,0;95691,01947442799
2023-01-26;72000,0;94566,02910082186
2023-01-27;72000,0;94144,21659368496
2023-01-30;72000,0;94880,8555068078
2023-01-31;72000,0;94746,35791282878
2023-02-01;73000,0;96092,03122943452
2023-02-02;73000,0;96902,07357617992
2023-02-03;73000,0;95196,41408198334
2023-02-06;73000,0;95674,36359750616
2023-02-07;73000,0;98114,5994553629
2023-02-08;73000,0;97559,25480194634
2023-02-09;73000,0;97698,95315232132
2023-02-10;73000,0;96148,11002101615
2023-02-13;73000,0;97199,64372879
2023-02-14;73000,0;97587,54581000874
2023-02-15;73000,0;98602,5001224917
2023-02-16;73000,0;98585,17773485326
2023-02-17;73000,0;99673,52302733721
2023-02-22;73000,0;98709,45761547862
2023-02-23;73000,0;97528,9271856855
2023-02-24;73000,0;97103,38961102892
2023-02-27;73000,0;97576,49961409639
2023-02-28;73000,0;96246,5821047016
2023-03-01;74000,0;96673,47607353238
2023-03-02;74000,0;97047,28957715354
2023-03-03;74000,0;96556,66563503095
2023-03-06;74000,0;97243,09656036014
2023-03-07;74000,0;96885,67733765185
2023-03-08;74000,0;96097,22879240576
2023-03-09;74000,0;96863,84371773693
2023-03-10;74000,0;96413,53159504807
2023-03-13;74000,0;98548,66676095642
2023-03-14;74000,0;98136,1013369823
2023-03-15;74000,0;96832,77682320321
2023-03-16;74000,0;98396,32106538932
2023-03-17;74000,0;98533,10177674747
2023-03-20;74000,0;99285,64177251827
2023-03-21;74000,0;99092,7974533825
2023-03-22;74000,0;98156,72169266402
2023-03-23;74000,0;99528,88208057854
2023-03-24;74000,0;101119,27907812668
2023-03-27;74000,0;100394,03337373195
2023-03-28;74000,0;101692,93004590544
2023-03-29;74000,0;102711,5539926378
2023-03-30;74000,0;102882,3434331829
2023-03-31;74000,0;102087,35718872261
2023-04-03;75000,0;102408,81822194887
2023-04-04;75000,0;103917,8210567825
2023-04-05;75000,0;103200,21163962597
2023-04-06;75000,0;104314,4092728921
2023-04-11;75000,0;104176,6471051235
2023-04-12;75000,0;103804,40891821585
2023-04-13;75000,0;104690,93850001857
2023-04-14;75000,0;106368,29988884517
2023-04-17;75000,0;107034,24557625352
2023-04-18;75000,0;108269,11851009427
2023-04-19;75000,0;105333,27427121178
2023-04-20;75000,0;106454,99600829276
2023-04-24;75000,0;106430,92200870639
2023-04-25;75000,0;107781,64334121504
2023-04-26;75000,0;107274,68807840352
2023-04-27;75000,0;108867,04562003817
2023-04-28;75000,0;107479,77105356025
2023-05-02;76000,0;109346,7643906764
2023-05-03;76000,0;109830,33230948805
2023-05-04;76000,0;109484,06460581845
2023-05-05;76000,0;109263,58422207866
2023-05-09;76000,0;109120,38704566042
2023-05-10;76000,0;108588,4149030039
2023-05-11;76000,0;110015,13447213723
2023-05-12;76000,0;109736,7468445003
2023-05-15;76000,0;110590,0826325587
2023-05-16;76000,0;110980,81456020144
2023-05-17;76000,0;110597,56063315946
2023-05-18;76000,0;112796,81674983496
2023-05-19;76000,0;111764,31548343583
2023-05-22;76000,0;112795,4645980819
2023-05-23;76000,0;111488,01684596109
2023-05-24;76000,0;112904,44822053993
2023-05-25;76000,0;113457,28448089784
2023-05-26;76000,0;113455,60792832795
2023-05-30;76000,0;115590,05252573156
2023-05-31;76000,0;114438,57863851404
2023-06-01;77000,0;115106,32987189811
2023-06-02;77000,0;115330,81576965736
2023-06-05;77000,0;115039,89357131251
2023-06-06;77000,0;117484,22522291778
2023-06-07;77000,0;118398,66908783153
2023-06-09;77000,0;117018,76268997938
2023-06-12;77000,0;117582,82903154322
2023-06-13;77000,0;116180,66269383395
2023-06-14;77000,0;115539,94354735373
2023-06-15;77000,0;117904,20193289228
2023-06-16;77000,0;116096,42388237506
2023-06-19;77000,0;117318,53651678599
2023-06-20;77000,0;117937,53119792372
2023-06-21;77000,0;118120,2710097674
2023-06-22;77000,0;119379,57832137194
2023-06-23;77000,0;118244,447037048
2023-06-26;77000,0;118445,25851383412
2023-06-27;77000,0;118687,96065621557
2023-06-28;77000,0;118046,04095510859
2023-06-29;77000,0;117133,4678926481
2023-06-30;77000,0;119897,14388975834
2023-07-03;78000,0;123003,33688043298
2023-07-04;78000,0;121545,91979596717
2023-07-05;78000,0;120037,63302666608
2023-07-06;78000,0;119129,81587102418
2023-07-07;78000,0;120624,80079372766
2023-07-10;78000,0;120303,6231819745
2023-07-11;78000,0;120138,90484343523
2023-07-12;78000,0;120753,01725284125
2023-07-13;78000,0;120684,38412940723
2023-07-14;78000,0;121528,41153984418
2023-07-17;78000,0;121199,43974069547
2023-07-18;78000,0;121139,16976552697
2023-07-19;78000,0;120997,93025867327
2023-07-20;78000,0;120790,03235926936
2023-07-21;78000,0;122027,92925100825
2023-07-24;78000,0;122369,27334534819
2023-07-25;78000,0;123096,42611583452
2023-07-26;78000,0;122870,53403811628
2023-07-27;78000,0;121168,68646594344
2023-07-28;78000,0;122754,85098984727
2023-07-31;78000,0;123698,02241125946
2023-08-01;79000,0;125286,49705978407
2023-08-02;79000,0;124769,75061897712
2023-08-03;79000,0;125779,57537799621
2023-08-04;79000,0;124724,00947797134
2023-08-07;79000,0;125032,32658830361
2023-08-08;79000,0;126065,0914991594
2023-08-09;79000,0;125804,41077116513
2023-08-10;79000,0;126619,2127119177
2023-08-11;79000,0;127017,19837889839
2023-08-14;79000,0;126333,00878938036
2023-08-15;79000,0;127387,58097749618
2023-08-16;79000,0;127243,48675313497
2023-08-17;79000,0;126260,76055878232
2023-08-18;79000,0;125658,31851220211
2023-08-21;79000,0;124214,5946825028
2023-08-22;79000,0;123758,0270141965
2023-08-23;79000,0;122911,14058360443
2023-08-24;79000,0;121219,23060828044
2023-08-25;79000,0;121426,38015008668
2023-08-29;79000,0;122287,47621629627
2023-08-30;79000,0;123052,3014126724
2023-08-31;79000,0;121881,25515222593
2023-09-01;80000,0;121780,66951006408
2023-09-04;80000,0;122464,5166425705
2023-09-05;80000,0;121439,65681643013
2023-09-06;80000,0;121511,51589152717
2023-09-08;80000,0;121884,2601766782
2023-09-11;80000,0;121787,04475331059
2023-09-12;80000,0;121393,40709581255
2023-09-13;80000,0;121252,17744883885
2023-09-14;80000,0;121479,88644229481
2023-09-15;80000,0;120774,48331868247
2023-09-18;80000,0;120490,82520325799
2023-09-19;80000,0;120426,4986015452
2023-09-20;80000,0;120411,66532324108
2023-09-21;80000,0;119667,6642929829
2023-09-22;80000,0;120637,8632490029
2023-09-25;80000,0;120071,84761153151
2023-09-26;80000,0;118612,79757227006
2023-09-27;80000,0;116027,05966111648
2023-09-28;80000,0;117470,52597593311
2023-09-29;80000,0;119378,15111180331
2023-10-02;81000,0;119981,31744443094
2023-10-03;81000,0;118518,15705350456
2023-10-04;81000,0;119312,91989549808
2023-10-05;81000,0;118784,40244626482
2023-10-06;81000,0;118873,47106216931
2023-10-09;81000,0;118939,20805839002
2023-10-10;81000,0;120346,67182449791
2023-10-11;81000,0;121284,65964031094
2023-10-13;81000,0;120335,25380455662
2023-10-16;81000,0;120267,90393472974
2023-10-17;81000,0;121540,49333486044
2023-10-18;81000,0;120620,67421164863
2023-10-19;81000,0;119907,17692305181
2023-10-20;81000,0;117639,44541348949
2023-10-23;81000,0;118264,15184375517
2023-10-24;81000,0;120395,20462483939
2023-10-25;81000,0;120725,20680268266
2023-10-26;81000,0;120082,93202076179
2023-10-27;81000,0;120770,28964824206
2023-10-30;81000,0;121428,95346199555
2023-10-31;81000,0;121597,01942745292
2023-11-01;82000,0;121759,7695363384
2023-11-03;82000,0;122631,68376852013
2023-11-06;82000,0;122562,4198021433
2023-11-07;82000,0;122540,68354066044
2023-11-08;82000,0;122910,27735115612
2023-11-09;82000,0;124412,14524287806
2023-11-10;82000,0;124878,92970895769
2023-11-13;82000,0;123928,54805160913
2023-11-14;82000,0;123903,53190293688
2023-11-16;82000,0;125560,92118269055
2023-11-17;82000,0;127807,35646276364
2023-11-20;82000,0;126891,07059070138
2023-11-21;82000,0;125854,73420155808
2023-11-22;82000,0;126935,42654468301
2023-11-23;82000,0;126957,19237756138
2023-11-24;82000,0;126410,73652946064
2023-11-27;82000,0;126302,98759043204
2023-11-28;82000,0;126987,19997162689
2023-11-29;82000,0;128358,29324037756
2023-11-30;82000,0;127715,96953612736
2023-12-01;83000,0;128655,03777660574
2023-12-04;83000,0;130142,02141685429
2023-12-05;83000,0;131276,93956927682
2023-12-06;83000,0;131372,86511796803
2023-12-07;83000,0;130277,98021649821
2023-12-08;83000,0;130421,35652179166
2023-12-11;83000,0;130488,45132522336
2023-12-12;83000,0;130856,35514381171
2023-12-13;83000,0;132174,86148506284
2023-12-14;83000,0;135025,56939871947
2023-12-15;83000,0;134460,0837154177
2023-12-18;83000,0;135253,4532340846
2023-12-19;83000,0;134616,87456739537
2023-12-20;83000,0;135510,7278991211
2023-12-21;83000,0;135611,72057273466
2023-12-22;83000,0;136175,6945052144
2023-12-27;83000,0;135524,78759962466
2023-12-28;83000,0;134600,1009015885
2024-01-02;84000,0;136762,50451732677
2024-01-03;84000,0;136047,8668384488
2024-01-04;84000,0;136546,64255426606
2024-01-05;84000,0;135444,50588093742
2024-01-08;84000,0;136006,38758419582
2024-01-09;84000,0;135110,14045716077
2024-01-10;84000,0;135146,79269050076
2024-01-11;84000,0;135427,06874264232
2024-01-12;84000,0;134564,7854744579
2024-01-15;84000,0;134905,84265271274
2024-01-16;84000,0;134150,647472462
2024-01-17;84000,0;134041,2813572592
2024-01-18;84000,0;133812,55045775374
2024-01-19;84000,0;134276,2676007769
2024-01-22;84000,0;133856,05061634636
2024-01-23;84000,0;134179,68220224752
2024-01-24;84000,0;134524,66013247176
2024-01-25;84000,0;134302,44899644813
2024-01-26;84000,0;135057,79360299138
2024-01-29;84000,0;135721,16266338428
2024-01-30;84000,0;136009,3897844321
2024-01-31;84000,0;135007,20171627807
2024-02-01;85000,0;136384,63268992744
2024-02-02;85000,0;137491,69230014348
2024-02-05;85000,0;137175,17462533378
2024-02-06;85000,0;137539,1393996747
2024-02-07;85000,0;137693,56349571646
2024-02-08;85000,0;137301,07762122602
2024-02-09;85000,0;138277,73311679755
2024-02-14;85000,0;138209,47739200832
2024-02-15;85000,0;139502,2275825043
2024-02-16;85000,0;139626,39596479546
2024-02-19;85000,0;139144,414050763
2024-02-20;85000,0;139199,34898225052
2024-02-21;85000,0;139652,35057330923
2024-02-22;85000,0;139842,85048379147
2024-02-23;85000,0;140001,87841640174
2024-02-26;85000,0;140404,93881801653
2024-02-27;85000,0;140727,67845756697
2024-02-28;85000,0;140954,10277862308
2024-02-29;85000,0;140790,68860592213
2024-03-01;86000,0;142662,71387721764
2024-03-04;86000,0;142823,61293020623
2024-03-05;86000,0;142300,50344830455
2024-03-06;86000,0;142647,44312111655
2024-03-07;86000,0;143503,12180688934
2024-03-08;86000,0;143086,57604396984
2024-03-11;86000,0;143507,0605732006
2024-03-12;86000,0;144773,28876398283
2024-03-13;86000,0;144478,092944765
2024-03-14;86000,0;143909,77522631802
2024-03-15;86000,0;143210,75733401044
2024-03-18;86000,0;143092,3458351316
2024-03-19;86000,0;140966,30859566244
2024-03-20;86000,0;142365,48152614088
2024-03-21;86000,0;142938,23252279515
2024-03-22;86000,0;141707,07584388633
2024-03-25;86000,0;143408,40483615556
2024-03-26;86000,0;142251,7235974862
2024-03-27;86000,0;142599,16411323185
2024-03-28;86000,0;143357,87421228827
2024-04-02;87000,0;142612,03007861704
2024-04-03;87000,0;143772,79597797105
2024-04-04;87000,0;143199,08587295908
2024-04-05;87000,0;142930,85987343153
2024-04-08;87000,0;142826,61930267172
2024-04-09;87000,0;143147,46369902138
2024-04-10;87000,0;143762,40166237074
2024-04-11;87000,0;141627,72778118387
2024-04-12;87000,0;142252,8301369588
2024-04-15;87000,0;140895,2253755503
2024-04-16;87000,0;140382,6811167629
2024-04-17;87000,0;139875,87057386228
2024-04-18;87000,0;141282,77069189446
2024-04-19;87000,0;142023,18714302208
2024-04-22;87000,0;142105,908399322
2024-04-23;87000,0;141357,2334553342
2024-04-24;87000,0;140886,9477582207
2024-04-25;87000,0;141230,56713681002
2024-04-26;87000,0;141383,8092588303
2024-04-29;87000,0;141024,49621137715
2024-04-30;87000,0;140612,35489920175
2024-05-02;88000,0;140192,34167560007
2024-05-03;88000,0;140414,61736206536
2024-05-07;88000,0;139827,95898553682
2024-05-08;88000,0;140219,09218280675
2024-05-09;88000,0;139334,3492143981
2024-05-10;88000,0;142524,68526031158
2024-05-13;88000,0;141991,37382280914
2024-05-14;88000,0;142276,97773563428
2024-05-15;88000,0;142227,43879977666
2024-05-16;88000,0;143066,88685660975
2024-05-17;88000,0;143341,47696673125
2024-05-20;88000,0;143551,91622819626
2024-05-21;88000,0;144432,0625602177
2024-05-22;88000,0;143102,09593621825
2024-05-23;88000,0;143791,6931359289
2024-05-24;88000,0;144687,86322194277
2024-05-28;88000,0;144062,71449533466
2024-05-29;88000,0;142703,22484623344
2024-06-03;89000,0;145581,23138846725
2024-06-04;89000,0;146500,40160880444
2024-06-05;89000,0;147092,31268961116
2024-06-06;89000,0;145146,73195727108
2024-06-07;89000,0;145680,93533563497
2024-06-10;89000,0;146066,76603170135
2024-06-11;89000,0;145383,65658516722
2024-06-12;89000,0;143768,08831789257
2024-06-13;89000,0;142256,5064181694
2024-06-14;89000,0;143484,39939078773
2024-06-17;89000,0;144619,0295882256
2024-06-18;89000,0;143630,51886640416
2024-06-19;89000,0;144246,08188999115
2024-06-20;89000,0;145302,61952659933
2024-06-21;89000,0;145036,66037774598
2024-06-24;89000,0;143692,9191680898
2024-06-25;89000,0;143992,78680338286
2024-06-26;89000,0;143340,30079901344
2024-06-27;89000,0;144351,34207933312
2024-06-28;89000,0;143359,72387214028
2024-07-01;90000,0;144332,98179270772
2024-07-02;90000,0;144575,4428881651
2024-07-03;90000,0;144333,57978564146
2024-07-04;90000,0;144197,30025872556
2024-07-05;90000,0;144580,81391993677
2024-07-08;90000,0;145715,93963118465
2024-07-09;90000,0;145265,85715666588
2024-07-10;90000,0;145502,60198580608
2024-07-11;90000,0;146574,3674773209
2024-07-12;90000,0;147710,5758586643
2024-07-15;90000,0;148876,08319627773
2024-07-16;90000,0;149211,69669079268
2024-07-17;90000,0;148548,47826966943
2024-07-18;90000,0;149140,80530883474
2024-07-19;90000,0;148691,85970671792
2024-07-22;90000,0;149260,05554928115
2024-07-23;90000,0;148991,31417463307
2024-07-24;90000,0;147485,85463595254
2024-07-25;90000,0;147739,95954080846
2024-07-26;90000,0;149138,13451296944
2024-07-29;90000,0;148672,1078635301
2024-07-30;90000,0;148893,54792236848
2024-07-31;90000,0;149160,64844177404
2024-08-01;91000,0;149438,98631129306
2024-08-02;91000,0;150662,1429972309
2024-08-05;91000,0;150624,53258960103
2024-08-06;91000,0;152014,18345712507
2024-08-07;91000,0;150770,46663464658
2024-08-12;91000,0;155655,9514837482
2024-08-13;91000,0;156738,8137083357
2024-08-14;91000,0;155584,9962032518
2024-08-15;91000,0;155575,1082843068
2024-08-16;91000,0;157513,5421625734
2024-08-19;91000,0;156739,61874716546
2024-08-20;91000,0;154039,356858584
2024-08-21;91000,0;154349,06834245866
2024-08-22;91000,0;153414,97148504705
2024-08-23;91000,0;155573,7415513081
2024-08-27;91000,0;152714,97994749353
2024-08-28;91000,0;153442,2764226456
2024-08-29;91000,0;153038,52075387086
2024-08-30;91000,0;153459,80326734157
2024-09-02;92000,0;152928,47483789784
2024-09-03;92000,0;153872,0720006231
2024-09-04;92000,0;152369,22706080254
2024-09-05;92000,0;153132,74394991592
2024-09-06;92000,0;153518,45807109776
2024-09-09;92000,0;152436,9473657594
2024-09-10;92000,0;153302,15910127846
2024-09-11;92000,0;153374,45948213682
2024-09-12;92000,0;153342,56769538726
2024-09-13;92000,0;153075,02490462296
2024-09-16;92000,0;152111,10220780826
2024-09-17;92000,0;151847,22483436015
2024-09-18;92000,0;152615,1640449483
2024-09-19;92000,0;152501,80494071607
2024-09-20;92000,0;151453,77040833567
2024-09-23;92000,0;150329,3277397134
2024-09-24;92000,0;153642,35261226766
2024-09-25;92000,0;152891,48517884823
2024-09-26;92000,0;151924,87877920046
2024-09-27;92000,0;151145,30999820426
2024-09-30;92000,0;152176,55198627798
2024-10-01;93000,0;152089,28158219747
2024-10-02;93000,0;154253,89146507898
2024-10-03;93000,0;152268,4840776571
2024-10-04;93000,0;152767,32367044847
2024-10-07;93000,0;152894,31356308237
2024-10-08;93000,0;154198,74487503842
2024-10-09;93000,0;153170,02604758073
2024-10-10;93000,0;153645,54391000877
2024-10-11;93000,0;154503,79723179105
2024-10-14;93000,0;155000,98754022826
2024-10-15;93000,0;154344,0233118795
2024-10-16;93000,0;153981,24790390203
2024-10-17;93000,0;151342,08216913164
2024-10-18;93000,0;152639,15412869825
2024-10-21;93000,0;151726,5608819797
2024-10-22;93000,0;150967,8601512225
2024-10-23;93000,0;149956,08259592397
2024-10-24;93000,0;149017,84863413154
2024-10-25;93000,0;150374,83014870773
2024-10-28;93000,0;150381,29663478743
2024-10-29;93000,0;149298,60577143726
2024-10-30;93000,0;149315,71317491098
2024-10-31;93000,0;148750,4461369455
2024-11-01;94000,0;149876,58451582544
2024-11-04;94000,0;150605,2575864818
2024-11-05;94000,0;150989,75430855082
2024-11-06;94000,0;151400,70947053214
2024-11-07;94000,0;153133,58941210486
2024-11-08;94000,0;154137,45338177515
2024-11-11;94000,0;157391,8846607791
2024-11-12;94000,0;155971,2863554545
2024-11-13;94000,0;153056,4282115116
2024-11-14;94000,0;154670,80592192902
2024-11-18;94000,0;153247,21006642055
2024-11-19;94000,0;155368,22222767674
2024-11-21;94000,0;157041,70905186073
2024-11-22;94000,0;158877,43722306672
2024-11-25;94000,0;157296,47513989758
2024-11-26;94000,0;157831,72380449783
2024-11-27;94000,0;157203,27883248893
2024-11-28;94000,0;156803,05962502706
2024-11-29;94000,0;153778,64378756404
2024-12-02;95000,0;159101,4975041757
2024-12-03;95000,0;159982,81870273664
2024-12-04;95000,0;157473,49440581267
2024-12-05;95000,0;158734,98560180486
2024-12-06;95000,0;158270,90049334036
2024-12-09;95000,0;158139,8252760581
2024-12-10;95000,0;159261,60331503453
2024-12-11;95000,0;160715,94948227462
2024-12-12;95000,0;162717,30703043542
2024-12-13;95000,0;160229,7924975014
2024-12-16;95000,0;155961,66984760467
2024-12-17;95000,0;152595,67324899515
2024-12-18;95000,0;153670,9591336148
2024-12-19;95000,0;148501,78202894595
2024-12-20;95000,0;152462,03700295373
2024-12-23;95000,0;149800,80969529887
2024-12-27;95000,0;153123,1957499916
2024-12-30;95000,0;149783,34285490756
2025-01-02;96000,0;150330,30686304867
2025-01-03;96000,0;152995,51699479457
2025-01-06;96000,0;153638,18183252134
2025-01-07;96000,0;152424,05947519938
2025-01-08;96000,0;151370,4291118566
2025-01-09;96000,0;151616,36818792374
2025-01-10;96000,0;150498,04791386492
2025-01-13;96000,0;149270,65686066396
2025-01-14;96000,0;148285,9602924451
2025-01-15;96000,0;151365,75207677353
2025-01-16;96000,0;150598,6958641918
2025-01-17;96000,0;150691,8108228383
2025-01-20;96000,0;149932,61721565554
2025-01-21;96000,0;148950,47803091494
2025-01-22;96000,0;147974,44623600773
2025-01-23;96000,0;147267,48155609044
2025-01-24;96000,0;147185,20206871326
2025-01-27;96000,0;148384,06459140964
2025-01-28;96000,0;147334,7483118593
2025-01-29;96000,0;146413,16301283694
2025-01-30;96000,0;145997,0632912352
2025-01-31;96000,0;148609,42824241912
2025-02-03;97000,0;147300,16449897765
2025-02-04;97000,0;149442,76326539638
2025-02-05;97000,0;148249,3332093954
2025-02-06;97000,0;146738,2946983653
2025-02-07;97000,0;147292,51569803953
2025-02-10;97000,0;147556,9168487423
2025-02-11;97000,0;148037,58462003033
2025-02-12;97000,0;149114,5308849746
2025-02-13;97000,0;149292,49784693908
2025-02-14;97000,0;149919,33941308607
2025-02-17;97000,0;153768,04419805348
2025-02-18;97000,0;151767,1338051182
2025-02-19;97000,0;152155,05791067102
2025-02-20;97000,0;151990,92693415296
2025-02-21;97000,0;150930,87851921425
2025-02-24;97000,0;151623,9634449841
2025-02-25;97000,0;147092,97057672706
2025-02-26;97000,0;147927,87323775917
2025-02-27;97000,0;146516,31172145202
2025-02-28;97000,0;145963,7987397806
2025-03-05;98000,0;148869,2954751364
2025-03-06;98000,0;148315,2905810642
2025-03-07;98000,0;148982,9247965859
2025-03-10;98000,0;149206,00361962308
2025-03-11;98000,0;150451,8552143725
2025-03-12;98000,0;148875,3361464361
2025-03-13;98000,0;147084,54462832914
2025-03-14;98000,0;147888,7846917998
2025-03-17;98000,0;147493,97873268902
2025-03-18;98000,0;146349,2040472179
2025-03-19;98000,0;149827,1463497761
2025-03-20;98000,0;150411,9312236964
2025-03-21;98000,0;149994,31746697595
2025-03-24;98000,0;153340,73997045754
2025-03-25;98000,0;149851,15667905586
2025-03-26;98000,0;149786,89063289916
2025-03-27;98000,0;151305,2692760553
2025-03-28;98000,0;149303,8604441692
2025-03-31;98000,0;150405,89677762153
2025-04-01;99000,0;154105,0019040363
2025-04-02;99000,0;151726,10728417858
2025-04-03;99000,0;150689,53551708497
2025-04-04;99000,0;149268,74414779266
2025-04-07;99000,0;150047,73242863084
2025-04-08;99000,0;149864,5867861836
2025-04-09;99000,0;147374,8833421905
2025-04-10;99000,0;149271,6232417142
2025-04-11;99000,0;151240,54432306887
2025-04-14;99000,0;154170,16133692866
2025-04-15;99000,0;152976,3669030339
2025-04-16;99000,0;152440,26979509156
2025-04-17;99000,0;151016,75920594446
2025-04-22;99000,0;151404,8066690746
2025-04-23;99000,0;150496,56235997882
2025-04-24;99000,0;150942,7548483809
2025-04-25;99000,0;153390,41495971006
2025-04-28;99000,0;153268,81952395954
2025-04-29;99000,0;153914,5900731161
2025-04-30;99000,0;155411,55224513757
2025-05-02;100000,0;156301,41077902383
2025-05-06;100000,0;156507,0392186089
2025-05-07;100000,0;157849,28196546072
2025-05-08;100000,0;159821,24624724602
2025-05-09;100000,0;160103,0097147858
2025-05-12;100000,0;161403,2488033522
2025-05-13;100000,0;162924,07839567427
2025-05-14;100000,0;162685,61329363895
2025-05-15;100000,0;163235,02110867697
2025-05-16;100000,0;162779,0191450332
2025-05-19;100000,0;163056,89001164844
2025-05-20;100000,0;164746,6038424162
2025-05-21;100000,0;162848,6629774215
2025-05-22;100000,0;162773,40707776256
2025-05-23;100000,0;165052,7591510647
2025-05-27;100000,0;167359,64604704146
2025-05-28;100000,0;167413,9870739683
2025-05-29;100000,0;165581,313181159
2025-05-30;100000,0;165643,5633482643
2025-06-02;101000,0;166869,46708103918
2025-06-03;101000,0;166837,42961446798
2025-06-04;101000,0;167138,14162690105
2025-06-05;101000,0;166611,51428899766
2025-06-06;101000,0;166137,57236938705
2025-06-09;101000,0;166802,7178051574
2025-06-10;101000,0;166996,02727768847
2025-06-11;101000,0;166105,40970985836
2025-06-12;101000,0;166266,71019254622
2025-06-13;101000,0;164546,2452264928
2025-06-16;101000,0;167535,7507762297
2025-06-17;101000,0;166870,04542693638
2025-06-18;101000,0;166995,1343443119
2025-06-20;101000,0;169179,10516844486
2025-06-23;101000,0;170239,12880197738
2025-06-24;101000,0;170147,7884592001
2025-06-25;101000,0;166910,7068843758
2025-06-26;101000,0;168631,5759744761
2025-06-27;101000,0;169470,55439766293
2025-06-30;101000,0;169968,76651138446
2025-07-01;102000,0;173249,20193266083
2025-07-02;102000,0;173183,60450722414
2025-07-03;102000,0;172562,41302773362
2025-07-04;102000,0;171183,43590115683
2025-07-07;102000,0;171858,75927016133
2025-07-08;102000,0;172428,82899803374
2025-07-09;102000,0;170531,65622262142
2025-07-10;102000,0;168266,60993580476
2025-07-11;102000,0;172635,63362505392
2025-07-14;102000,0;172571,95067801498
2025-07-15;102000,0;171362,95325445948
2025-07-16;102000,0;169338,17578062176
2025-07-17;102000,0;167408,29971524427
2025-07-18;102000,0;168094,18890673658
2025-07-21;102000,0;168092,47770461146
2025-07-22;102000,0;167976,6893813336
2025-07-23;102000,0;167984,67099409335
2025-07-24;102000,0;168034,9762800758
2025-07-25;102000,0;168848,75071206118
2025-07-28;102000,0;168795,1600658158
2025-07-29;102000,0;168819,0532630595
2025-07-30;102000,0;169695,55260897952
2025-07-31;102000,0;169391,17070636514
2025-08-01;103000,0;169539,74854941564
2025-08-04;103000,0;171270,79523214622
2025-08-05;103000,0;169888,8774612186
2025-08-06;103000,0;169954,4371828824
2025-08-07;103000,0;169468,437017997
2025-08-08;103000,0;172000,5785758562
2025-08-11;103000,0;172553,1999532272
2025-08-12;103000,0;173543,66120163302
2025-08-13;103000,0;173099,05903858953
2025-08-14;103000,0;173080,8147486299
2025-08-15;103000,0;172458,0387026742
2025-08-18;103000,0;172135,88301345072
2025-08-19;103000,0;171628,48710387558
2025-08-20;103000,0;169896,33690321
2025-08-21;103000,0;168872,9185716917
2025-08-22;103000,0;170541,604844027
2025-08-26;103000,0;171051,67806340987
2025-08-27;103000,0;171695,13384761033
2025-08-28;103000,0;172578,83743948917
2025-08-29;103000,0;170680,2092486171
2025-09-01;104000,0;172104,93083908543
2025-09-02;104000,0;169384,0488870023
2025-09-03;104000,0;170931,08584445558
2025-09-04;104000,0;168825,37204202695
2025-09-05;104000,0;169483,35565751407
2025-09-08;104000,0;170694,96089141362
2025-09-09;104000,0;171002,8820439122
2025-09-10;104000,0;171434,2105597394
2025-09-11;104000,0;172521,63912670958
2025-09-12;104000,0;172656,06223491306
2025-09-15;104000,0;174167,71919674438
2025-09-16;104000,0;173341,32957556573
2025-09-17;104000,0;174639,20037848796
2025-09-18;104000,0;176029,1987382517
2025-09-19;104000,0;174710,7209321492
2025-09-22;104000,0;173780,733444669
2025-09-23;104000,0;172637,4300159477
2025-09-24;104000,0;173375,2062905626
2025-09-25;104000,0;174750,4887034101
2025-09-26;104000,0;174995,1299703277
2025-09-29;104000,0;174935,92635565263
2025-09-30;104000,0;174425,83012706536
2025-10-01;105000,0;175536,87412170268
2025-10-02;105000,0;176753,2722225706
2025-10-03;105000,0;175744,1627220069
2025-10-06;105000,0;176339,2916046296
2025-10-07;105000,0;175427,18427917728
2025-10-08;105000,0;175181,2808113957
2025-10-09;105000,0;175718,08366298568
2025-10-10;105000,0;174379,12445177388
2025-10-13;105000,0;174778,08110441812
2025-10-14;105000,0;172926,6671758592
2025-10-15;105000,0;172860,03087023445
2025-10-16;105000,0;173652,8745249549
2025-10-17;105000,0;171357,40521472637
2025-10-20;105000,0;172971,67857356495
2025-10-21;105000,0;173783,2837615225
2025-10-22;105000,0;174526,22555950232
2025-10-23;105000,0;175785,87499041087
2025-10-27;105000,0;179300,90913794722
2025-10-28;105000,0;177625,13367012463
2025-10-29;105000,0;177432,98390804697
2025-10-30;105000,0;176222,14829733816
2025-10-31;105000,0;177526,19907354846
2025-11-03;106000,0;177640,4813876914
2025-11-04;106000,0;177389,56526957784
2025-11-05;106000,0;177619,26542197255
2025-11-06;106000,0;178740,9751381937
2025-11-07;106000,0;179500,5434820959
2025-11-10;106000,0;179710,777563946
2025-11-11;106000,0;180145,54477095138
2025-11-12;106000,0;179891,6669464525
2025-11-13;106000,0;180417,31208790594
2025-11-14;106000,0;179051,2639485564
2025-11-17;106000,0;180392,52717624223
2025-11-18;106000,0;179540,7777835046
2025-11-19;106000,0;178800,28177606332
2025-11-21;106000,0;179366,34040827106
2025-11-24;106000,0;180444,50057773318
2025-11-25;106000,0;180733,43172822904
2025-11-26;106000,0;181999,4225165885
2025-11-27;106000,0;182164,84208139766
2025-11-28;106000,0;181756,71052377473
2025-12-01;107000,0;182436,3801745487
2025-12-02;107000,0;183401,58396112622
2025-12-03;107000,0;184663,57433944635
2025-12-04;107000,0;185593,62466257496
2025-12-05;107000,0;186373,0420093364
2025-12-08;107000,0;185256,57455761818
2025-12-09;107000,0;183543,09490010652
2025-12-10;107000,0;183862,45388092913
2025-12-11;107000,0;184693,4725111516
2025-12-12;107000,0;185770,8576967716
