Date,Close
2005-12-29,1000.0
2006-01-02,1007.02
2006-01-03,1036.42
2006-01-04,1052.31
2006-01-05,1050.99
2006-01-06,1071.54
2006-01-09,1067.94
2006-01-10,1062.95
2006-01-11,1089.99
2006-01-12,1090.15
2006-01-13,1094.03
2006-01-16,1113.97
2006-01-17,1101.3
2006-01-18,1090.26
2006-01-19,1125.2
2006-01-20,1118.07
2006-01-23,1115.08
2006-01-24,1140.08
2006-01-26,1157.63
2006-01-27,1154.16
2006-01-30,1169.07
2006-01-31,1177.75
2006-02-01,1178.42
2006-02-02,1142.75
2006-02-03,1132.98
2006-02-06,1139.77
2006-02-07,1111.01
2006-02-08,1106.04
2006-02-09,1117.24
2006-02-10,1118.8
2006-02-13,1097.47
2006-02-14,1103.21
2006-02-15,1119.03
2006-02-16,1152.05
2006-02-17,1156.35
2006-02-20,1162.06
2006-02-21,1157.89
2006-02-22,1154.02
2006-02-23,1155.38
2006-02-24,1165.09
2006-03-01,1181.18
2006-03-02,1177.3
2006-03-03,1181.6
2006-03-06,1157.08
2006-03-07,1124.37
2006-03-08,1116.93
2006-03-09,1088.94
2006-03-10,1102.52
2006-03-13,1107.75
2006-03-14,1129.52
2006-03-15,1149.32
2006-03-16,1151.1
2006-03-17,1147.95
2006-03-20,1153.4
2006-03-21,1131.17
2006-03-22,1141.74
2006-03-23,1132.88
2006-03-24,1135.52
2006-03-27,1136.17
2006-03-28,1112.7
2006-03-29,1133.7
2006-03-30,1138.17
2006-03-31,1134.73
2006-04-03,1159.81
2006-04-04,1163.37
2006-04-05,1171.34
2006-04-06,1176.27
2006-04-07,1166.9
2006-04-10,1154.01
2006-04-11,1135.52
2006-04-12,1139.75
2006-04-13,1135.63
2006-04-17,1147.07
2006-04-18,1180.19
2006-04-19,1193.84
2006-04-20,1194.47
2006-04-24,1190.96
2006-04-25,1193.36
2006-04-26,1207.31
2006-04-27,1184.48
2006-04-28,1195.54
2006-05-02,1216.07
2006-05-03,1214.18
2006-05-04,1219.22
2006-05-05,1239.41
2006-05-08,1248.5
2006-05-09,1258.59
2006-05-10,1250.22
2006-05-11,1229.29
2006-05-12,1212.33
2006-05-15,1178.19
2006-05-16,1178.54
2006-05-17,1149.75
2006-05-18,1129.79
2006-05-19,1128.28
2006-05-22,1098.89
2006-05-23,1091.43
2006-05-24,1084.04
2006-05-25,1125.52
2006-05-26,1154.09
2006-05-29,1142.72
2006-05-30,1099.7
2006-05-31,1098.62
2006-06-01,1128.78
2006-06-02,1134.96
2006-06-05,1101.84
2006-06-06,1085.29
2006-06-07,1043.86
2006-06-08,1042.52
2006-06-09,1035.67
2006-06-12,992.7
2006-06-13,962.2
2006-06-14,971.22
2006-06-16,1016.85
2006-06-19,1002.33
2006-06-20,1001.0
2006-06-21,1032.09
2006-06-22,1025.95
2006-06-23,1036.88
2006-06-26,1036.82
2006-06-27,1024.67
2006-06-28,1035.46
2006-06-29,1084.76
2006-06-30,1095.39
2006-07-03,1123.23
2006-07-04,1122.39
2006-07-05,1096.07
2006-07-06,1099.86
2006-07-07,1089.83
2006-07-10,1087.27
2006-07-11,1099.69
2006-07-12,1088.17
2006-07-13,1063.91
2006-07-14,1062.5
2006-07-17,1039.17
2006-07-18,1042.89
2006-07-19,1093.95
2006-07-20,1068.63
2006-07-21,1060.1
2006-07-24,1087.5
2006-07-25,1102.54
2006-07-26,1100.74
2006-07-27,1107.22
2006-07-28,1120.78
2006-07-31,1113.1
2006-08-01,1106.85
2006-08-02,1121.54
2006-08-03,1125.19
2006-08-04,1137.2
2006-08-07,1133.33
2006-08-08,1129.22
2006-08-09,1118.12
2006-08-10,1121.04
2006-08-11,1108.92
2006-08-14,1095.59
2006-08-15,1118.2
2006-08-16,1130.92
2006-08-17,1129.31
2006-08-18,1128.2
2006-08-21,1113.14
2006-08-22,1104.18
2006-08-23,1073.87
2006-08-24,1079.15
2006-08-25,1082.5
2006-08-28,1097.01
2006-08-29,1095.38
2006-08-30,1098.43
2006-08-31,1095.72
2006-09-01,1125.99
2006-09-04,1136.09
2006-09-05,1125.37
2006-09-06,1104.57
2006-09-08,1099.58
2006-09-11,1075.37
2006-09-12,1085.92
2006-09-13,1101.78
2006-09-14,1088.18
2006-09-15,1088.75
2006-09-18,1099.05
2006-09-19,1083.36
2006-09-20,1065.73
2006-09-21,1054.67
2006-09-22,1050.47
2006-09-25,1055.58
2006-09-26,1077.8
2006-09-27,1089.18
2006-09-28,1099.54
2006-09-29,1098.54
2006-10-02,1111.17
2006-10-03,1090.19
2006-10-04,1126.24
2006-10-05,1135.42
2006-10-06,1134.37
2006-10-09,1146.36
2006-10-10,1155.53
2006-10-11,1147.61
2006-10-13,1165.26
2006-10-16,1174.12
2006-10-17,1161.07
2006-10-18,1160.56
2006-10-19,1168.5
2006-10-20,1158.97
2006-10-23,1173.52
2006-10-24,1184.79
2006-10-25,1190.32
2006-10-26,1188.14
2006-10-27,1179.51
2006-10-30,1167.34
2006-10-31,1176.52
2006-11-01,1191.44
2006-11-03,1204.54
2006-11-06,1228.24
2006-11-07,1223.06
2006-11-08,1231.41
2006-11-09,1220.35
2006-11-10,1219.66
2006-11-13,1214.96
2006-11-14,1235.01
2006-11-16,1232.19
2006-11-17,1231.02
2006-11-21,1244.3
2006-11-22,1256.66
2006-11-23,1261.18
2006-11-24,1253.79
2006-11-27,1233.6
2006-11-28,1235.63
2006-11-29,1262.23
2006-11-30,1261.61
2006-12-01,1245.95
2006-12-04,1280.98
2006-12-05,1297.31
2006-12-06,1297.28
2006-12-07,1290.7
2006-12-08,1292.89
2006-12-11,1300.15
2006-12-12,1292.36
2006-12-13,1299.24
2006-12-14,1314.04
2006-12-15,1314.78
2006-12-18,1310.1
2006-12-19,1310.77
2006-12-20,1313.85
2006-12-21,1310.97
2006-12-22,1307.91
2006-12-26,1316.45
2006-12-27,1343.96
2006-12-28,1348.29
2007-01-02,1371.69
2007-01-03,1345.67
2007-01-04,1333.02
2007-01-05,1285.96
2007-01-08,1306.51
2007-01-09,1281.9
2007-01-10,1287.69
2007-01-11,1298.9
2007-01-12,1310.93
2007-01-15,1308.56
2007-01-16,1300.0
2007-01-17,1303.52
2007-01-18,1294.09
2007-01-19,1324.04
2007-01-22,1329.8
2007-01-23,1350.94
2007-01-24,1367.77
2007-01-26,1358.96
2007-01-29,1332.75
2007-01-30,1344.66
2007-01-31,1358.47
2007-02-01,1361.66
2007-02-02,1368.22
2007-02-05,1371.45
2007-02-06,1373.17
2007-02-07,1356.37
2007-02-08,1363.68
2007-02-09,1345.36
2007-02-12,1334.44
2007-02-13,1365.62
2007-02-14,1387.64
2007-02-15,1385.74
2007-02-16,1381.48
2007-02-21,1385.79
2007-02-22,1398.11
2007-02-23,1386.25
2007-02-26,1391.97
2007-02-27,1307.35
2007-02-28,1324.31
2007-03-01,1315.33
2007-03-02,1281.58
2007-03-05,1248.4
2007-03-06,1307.5
2007-03-07,1294.08
2007-03-08,1317.85
2007-03-09,1333.99
2007-03-12,1335.0
2007-03-13,1294.59
2007-03-14,1307.86
2007-03-15,1307.39
2007-03-16,1290.73
2007-03-19,1319.32
2007-03-20,1334.91
2007-03-21,1370.64
2007-03-22,1367.62
2007-03-23,1372.19
2007-03-26,1376.94
2007-03-27,1362.96
2007-03-28,1341.15
2007-03-29,1367.13
2007-03-30,1380.32
2007-04-02,1372.17
2007-04-03,1393.55
2007-04-04,1404.72
2007-04-05,1408.54
2007-04-09,1412.99
2007-04-10,1422.88
2007-04-11,1411.78
2007-04-12,1421.89
2007-04-13,1435.49
2007-04-16,1467.83
2007-04-17,1466.65
2007-04-18,1462.73
2007-04-19,1462.03
2007-04-20,1481.17
2007-04-23,1475.34
2007-04-24,1469.1
2007-04-25,1486.97
2007-04-26,1470.42
2007-04-27,1472.77
2007-04-30,1460.01
2007-05-02,1476.31
2007-05-03,1501.23
2007-05-04,1512.96
2007-05-07,1503.18
2007-05-08,1504.65
2007-05-09,1539.59
2007-05-10,1508.19
2007-05-11,1525.6
2007-05-14,1510.44
2007-05-15,1510.12
2007-05-16,1544.23
2007-05-17,1544.99
2007-05-18,1562.18
2007-05-21,1568.19
2007-05-22,1557.5
2007-05-23,1550.0
2007-05-24,1512.38
2007-05-25,1538.96
2007-05-28,1554.13
2007-05-29,1540.34
2007-05-30,1560.61
2007-05-31,1553.69
2007-06-01,1590.95
2007-06-04,1566.65
2007-06-05,1566.29
2007-06-06,1534.79
2007-06-08,1533.96
2007-06-11,1549.04
2007-06-12,1522.81
2007-06-13,1554.71
2007-06-14,1575.81
2007-06-15,1600.36
2007-06-18,1605.75
2007-06-19,1599.12
2007-06-20,1583.82
2007-06-21,1597.16
2007-06-22,1589.29
2007-06-25,1582.57
2007-06-26,1572.35
2007-06-27,1581.72
2007-06-28,1578.83
2007-06-29,1591.0
2007-07-02,1616.45
2007-07-03,1629.95
2007-07-04,1632.33
2007-07-05,1639.56
2007-07-06,1652.04
2007-07-10,1639.05
2007-07-11,1656.79
2007-07-12,1700.38
2007-07-13,1699.82
2007-07-16,1695.11
2007-07-17,1703.51
2007-07-18,1703.3
2007-07-19,1724.59
2007-07-20,1705.55
2007-07-23,1727.6
2007-07-24,1662.6
2007-07-25,1663.3
2007-07-26,1605.16
2007-07-27,1573.46
2007-07-30,1620.02
2007-07-31,1611.46
2007-08-01,1606.65
2007-08-02,1618.08
2007-08-03,1569.05
2007-08-06,1574.07
2007-08-07,1594.87
2007-08-08,1633.8
2007-08-09,1586.53
2007-08-10,1563.8
2007-08-13,1558.62
2007-08-14,1520.09
2007-08-15,1466.47
2007-08-16,1430.77
2007-08-17,1446.17
2007-08-20,1448.92
2007-08-21,1464.73
2007-08-22,1521.81
2007-08-23,1526.91
2007-08-24,1556.56
2007-08-27,1560.99
2007-08-28,1517.37
2007-08-29,1546.96
2007-08-30,1551.99
2007-08-31,1599.92
2007-09-03,1606.04
2007-09-04,1617.22
2007-09-05,1594.93
2007-09-06,1604.49
2007-09-10,1550.87
2007-09-11,1580.47
2007-09-12,1581.84
2007-09-13,1610.68
2007-09-14,1598.8
2007-09-17,1592.01
2007-09-18,1659.52
2007-09-19,1674.14
2007-09-20,1668.8
2007-09-21,1691.9
2007-09-24,1723.98
2007-09-25,1724.38
2007-09-26,1751.75
2007-09-27,1793.21
2007-09-28,1774.98
2007-10-01,1831.3
2007-10-02,1830.35
2007-10-03,1768.14
2007-10-04,1770.82
2007-10-05,1831.29
2007-10-08,1842.98
2007-10-09,1868.03
2007-10-10,1858.44
2007-10-11,1837.2
2007-10-15,1855.92
2007-10-16,1818.93
2007-10-17,1858.81
2007-10-18,1861.01
2007-10-19,1790.71
2007-10-22,1793.62
2007-10-23,1837.62
2007-10-24,1835.64
2007-10-25,1833.56
2007-10-26,1895.43
2007-10-29,1923.11
2007-10-30,1893.77
2007-10-31,1923.23
2007-11-01,1889.35
2007-11-05,1850.52
2007-11-06,1894.65
2007-11-07,1867.93
2007-11-08,1885.51
2007-11-09,1906.0
2007-11-12,1824.31
2007-11-13,1860.75
2007-11-14,1904.05
2007-11-16,1899.57
2007-11-19,1836.31
2007-11-21,1782.04
2007-11-22,1787.34
2007-11-23,1798.06
2007-11-26,1753.87
2007-11-27,1764.18
2007-11-28,1831.97
2007-11-29,1842.78
2007-11-30,1867.6
2007-12-03,1875.4
2007-12-04,1884.61
2007-12-05,1928.78
2007-12-06,1958.08
2007-12-07,1952.64
2007-12-10,1948.12
2007-12-11,1924.27
2007-12-12,1931.61
2007-12-13,1873.75
2007-12-14,1865.58
2007-12-17,1788.22
2007-12-18,1824.05
2007-12-19,1850.74
2007-12-20,1855.29
2007-12-21,1887.61
2007-12-26,1924.45
2007-12-27,1907.84
2007-12-28,1911.06
2008-01-02,1870.33
2008-01-03,1868.4
2008-01-04,1817.09
2008-01-07,1801.69
2008-01-08,1841.02
2008-01-09,1850.26
2008-01-10,1872.12
2008-01-11,1831.4
2008-01-14,1837.56
2008-01-15,1771.92
2008-01-16,1727.46
2008-01-17,1678.24
2008-01-18,1690.3
2008-01-21,1578.8
2008-01-22,1646.06
2008-01-23,1596.92
2008-01-24,1702.24
2008-01-28,1735.7
2008-01-29,1749.46
2008-01-30,1769.86
2008-01-31,1742.41
2008-02-01,1782.41
2008-02-06,1726.78
2008-02-07,1729.78
2008-02-08,1734.11
2008-02-11,1779.1
2008-02-12,1809.79
2008-02-13,1836.41
2008-02-14,1815.0
2008-02-15,1801.68
2008-02-18,1849.63
2008-02-19,1840.28
2008-02-20,1879.05
2008-02-21,1876.24
2008-02-22,1897.14
2008-02-25,1910.97
2008-02-26,1921.58
2008-02-27,1935.29
2008-02-28,1945.88
2008-02-29,1875.02
2008-03-03,1893.91
2008-03-04,1860.91
2008-03-05,1895.84
2008-03-06,1852.21
2008-03-07,1820.67
2008-03-10,1773.94
2008-03-11,1839.28
2008-03-12,1831.06
2008-03-13,1832.63
2008-03-14,1826.76
2008-03-17,1760.69
2008-03-18,1808.89
2008-03-19,1715.3
2008-03-20,1716.7
2008-03-24,1743.6
2008-03-25,1791.47
2008-03-26,1802.3
2008-03-27,1780.11
2008-03-28,1771.81
2008-03-31,1791.87
2008-04-01,1838.29
2008-04-02,1852.86
2008-04-03,1873.87
2008-04-04,1880.95
2008-04-07,1880.35
2008-04-08,1894.84
2008-04-09,1866.5
2008-04-10,1869.5
2008-04-11,1842.83
2008-04-14,1840.24
2008-04-15,1858.59
2008-04-16,1898.98
2008-04-17,1915.21
2008-04-18,1929.32
2008-04-22,1943.11
2008-04-23,1928.2
2008-04-24,1910.63
2008-04-25,1928.86
2008-04-28,1946.05
2008-04-29,1892.93
2008-04-30,1999.74
2008-05-02,2042.16
2008-05-05,2065.56
2008-05-06,2069.97
2008-05-07,2042.07
2008-05-08,2061.4
2008-05-09,2061.97
2008-05-12,2084.65
2008-05-13,2088.57
2008-05-14,2074.37
2008-05-15,2115.49
2008-05-16,2155.47
2008-05-19,2177.53
2008-05-20,2181.78
2008-05-21,2152.29
2008-05-23,2122.27
2008-05-26,2131.75
2008-05-27,2111.81
2008-05-28,2167.72
2008-05-29,2117.92
2008-05-30,2143.43
2008-06-02,2126.64
2008-06-03,2068.01
2008-06-04,2025.95
2008-06-05,2098.46
2008-06-06,2062.28
2008-06-09,2043.48
2008-06-10,1995.99
2008-06-11,1967.11
2008-06-12,1984.13
2008-06-13,1984.92
2008-06-16,1985.79
2008-06-17,2015.93
2008-06-18,1978.82
2008-06-19,1961.1
2008-06-20,1905.83
2008-06-23,1909.72
2008-06-24,1898.24
2008-06-25,1943.32
2008-06-26,1892.78
2008-06-27,1896.45
2008-06-30,1922.38
2008-07-01,1879.63
2008-07-02,1815.2
2008-07-03,1760.74
2008-07-04,1765.75
2008-07-07,1759.09
2008-07-08,1763.99
2008-07-10,1771.04
2008-07-11,1765.22
2008-07-14,1778.49
2008-07-15,1773.01
2008-07-16,1802.49
2008-07-17,1749.71
2008-07-18,1750.52
2008-07-21,1796.21
2008-07-22,1763.79
2008-07-23,1755.12
2008-07-24,1693.63
2008-07-25,1681.28
2008-07-28,1675.6
2008-07-29,1708.81
2008-07-30,1772.36
2008-07-31,1758.14
2008-08-01,1702.54
2008-08-04,1630.72
2008-08-05,1653.66
2008-08-06,1685.77
2008-08-07,1676.39
2008-08-08,1660.31
2008-08-11,1608.03
2008-08-12,1597.37
2008-08-13,1606.94
2008-08-14,1624.88
2008-08-15,1597.17
2008-08-18,1566.23
2008-08-19,1577.82
2008-08-20,1638.04
2008-08-21,1656.17
2008-08-22,1653.82
2008-08-25,1611.12
2008-08-26,1607.32
2008-08-27,1644.51
2008-08-28,1670.09
2008-08-29,1650.4
2008-09-01,1633.18
2008-09-02,1612.77
2008-09-03,1590.96
2008-09-04,1530.99
2008-09-05,1545.89
2008-09-08,1514.63
2008-09-09,1447.55
2008-09-10,1481.56
2008-09-11,1530.94
2008-09-12,1561.18
2008-09-15,1443.66
2008-09-16,1465.76
2008-09-17,1375.22
2008-09-18,1451.77
2008-09-19,1581.16
2008-09-22,1542.71
2008-09-23,1486.63
2008-09-24,1496.42
2008-09-25,1552.73
2008-09-26,1519.87
2008-09-29,1384.26
2008-09-30,1488.81
2008-10-01,1490.46
2008-10-02,1388.51
2008-10-03,1340.63
2008-10-06,1271.26
2008-10-07,1216.95
2008-10-08,1174.33
2008-10-09,1123.78
2008-10-10,1083.03
2008-10-13,1242.38
2008-10-14,1265.72
2008-10-15,1123.45
2008-10-16,1097.58
2008-10-17,1096.55
2008-10-20,1187.56
2008-10-21,1175.18
2008-10-22,1062.98
2008-10-23,1021.42
2008-10-24,950.09
2008-10-27,890.71
2008-10-28,999.22
2008-10-29,1046.89
2008-10-30,1125.7
2008-10-31,1125.02
2008-11-03,1155.31
2008-11-04,1218.72
2008-11-05,1145.66
2008-11-06,1100.14
2008-11-07,1110.91
2008-11-10,1122.83
2008-11-11,1131.43
2008-11-12,1044.89
2008-11-13,1097.75
2008-11-14,1089.99
2008-11-17,1086.8
2008-11-18,1035.66
2008-11-19,1010.44
2008-11-21,946.1
2008-11-24,1036.45
2008-11-25,1055.12
2008-11-26,1102.27
2008-11-27,1095.27
2008-11-28,1108.06
2008-12-01,1050.24
2008-12-02,1057.44
2008-12-03,1069.22
2008-12-04,1061.43
2008-12-05,1065.42
2008-12-08,1153.26
2008-12-09,1147.41
2008-12-10,1180.48
2008-12-11,1164.17
2008-12-12,1188.37
2008-12-15,1160.27
2008-12-16,1210.6
2008-12-17,1214.93
2008-12-18,1199.36
2008-12-19,1183.83
2008-12-22,1135.23
2008-12-23,1103.21
2008-12-26,1115.65
2008-12-29,1122.94
2008-12-30,1138.85
2009-01-02,1220.67
2009-01-05,1244.82
2009-01-06,1265.75
2009-01-07,1219.12
2009-01-08,1251.64
2009-01-09,1243.73
2009-01-12,1182.69
2009-01-13,1185.15
2009-01-14,1138.67
2009-01-15,1167.82
2009-01-16,1170.56
2009-01-19,1159.06
2009-01-20,1114.35
2009-01-21,1151.23
2009-01-22,1135.42
2009-01-23,1144.83
2009-01-26,1153.93
2009-01-27,1157.4
2009-01-28,1202.53
2009-01-29,1182.88
2009-01-30,1175.74
2009-02-02,1157.59
2009-02-03,1188.3
2009-02-04,1202.56
2009-02-05,1230.5
2009-02-06,1280.78
2009-02-09,1265.63
2009-02-10,1243.0
2009-02-11,1234.32
2009-02-12,1223.56
2009-02-13,1257.15
2009-02-16,1264.63
2009-02-17,1205.77
2009-02-18,1203.09
2009-02-19,1206.4
2009-02-20,1172.2
2009-02-25,1162.85
2009-02-26,1162.48
2009-02-27,1162.73
2009-03-02,1106.05
2009-03-03,1109.7
2009-03-04,1168.38
2009-03-05,1141.74
2009-03-06,1136.24
2009-03-09,1124.19
2009-03-10,1185.83
2009-03-11,1186.05
2009-03-12,1198.66
2009-03-13,1195.53
2009-03-16,1184.51
2009-03-17,1210.94
2009-03-18,1229.82
2009-03-19,1238.75
2009-03-20,1227.07
2009-03-23,1299.69
2009-03-24,1270.88
2009-03-25,1279.12
2009-03-26,1303.34
2009-03-27,1284.84
2009-03-30,1245.11
2009-03-31,1221.37
2009-04-01,1246.0
2009-04-02,1294.72
2009-04-03,1315.77
2009-04-06,1309.71
2009-04-07,1298.33
2009-04-08,1304.07
2009-04-09,1347.33
2009-04-13,1354.74
2009-04-14,1336.99
2009-04-15,1331.73
2009-04-16,1354.27
2009-04-17,1347.43
2009-04-20,1308.86
2009-04-22,1314.89
2009-04-23,1344.14
2009-04-24,1365.58
2009-04-27,1337.94
2009-04-28,1341.67
2009-04-29,1385.77
2009-04-30,1388.5
2009-05-04,1473.16
2009-05-05,1478.63
2009-05-06,1495.12
2009-05-07,1450.37
2009-05-08,1486.03
2009-05-11,1473.0
2009-05-12,1454.85
2009-05-13,1410.94
2009-05-14,1429.33
2009-05-15,1417.95
2009-05-18,1485.74
2009-05-19,1483.03
2009-05-20,1484.13
2009-05-21,1455.38
2009-05-22,1469.77
2009-05-25,1477.81
2009-05-26,1506.04
2009-05-27,1503.62
2009-05-28,1536.09
2009-05-29,1536.95
2009-06-01,1574.05
2009-06-02,1556.41
2009-06-03,1504.42
2009-06-04,1538.81
2009-06-05,1535.31
2009-06-08,1542.18
2009-06-09,1529.14
2009-06-10,1537.14
2009-06-12,1544.28
2009-06-15,1504.09
2009-06-16,1482.64
2009-06-17,1474.92
2009-06-18,1472.19
2009-06-19,1486.04
2009-06-22,1436.39
2009-06-23,1438.2
2009-06-24,1432.6
2009-06-25,1477.55
2009-06-26,1480.61
2009-06-29,1496.9
2009-06-30,1480.18
2009-07-01,1479.41
2009-07-02,1465.98
2009-07-03,1460.96
2009-07-06,1451.75
2009-07-07,1421.04
2009-07-08,1414.13
2009-07-10,1416.31
2009-07-13,1419.88
2009-07-14,1409.01
2009-07-15,1471.13
2009-07-16,1485.33
2009-07-17,1489.73
2009-07-20,1521.53
2009-07-21,1523.04
2009-07-22,1515.07
2009-07-23,1547.0
2009-07-24,1554.09
2009-07-27,1556.41
2009-07-28,1553.25
2009-07-29,1533.5
2009-07-30,1553.95
2009-07-31,1563.02
2009-08-03,1595.49
2009-08-04,1592.84
2009-08-05,1605.7
2009-08-06,1590.7
2009-08-07,1605.93
2009-08-10,1618.44
2009-08-11,1584.71
2009-08-12,1601.96
2009-08-13,1608.07
2009-08-14,1597.09
2009-08-17,1559.37
2009-08-18,1573.18
2009-08-19,1586.39
2009-08-20,1603.68
2009-08-21,1625.17
2009-08-24,1626.26
2009-08-25,1621.12
2009-08-26,1628.99
2009-08-27,1625.99
2009-08-28,1628.29
2009-08-31,1597.17
2009-09-01,1577.18
2009-09-02,1569.54
2009-09-03,1576.44
2009-09-04,1602.82
2009-09-08,1635.3
2009-09-09,1642.53
2009-09-10,1658.9
2009-09-11,1655.13
2009-09-14,1667.2
2009-09-15,1682.26
2009-09-16,1712.34
2009-09-17,1709.77
2009-09-18,1723.24
2009-09-21,1727.97
2009-09-22,1741.71
2009-09-23,1716.75
2009-09-24,1702.11
2009-09-25,1708.61
2009-09-28,1737.5
2009-09-29,1740.61
2009-09-30,1752.66
2009-10-01,1729.55
2009-10-02,1749.61
2009-10-05,1781.35
2009-10-06,1786.01
2009-10-07,1781.6
2009-10-08,1815.82
2009-10-09,1826.08
2009-10-13,1836.84
2009-10-14,1876.91
2009-10-15,1890.46
2009-10-16,1878.42
2009-10-19,1908.34
2009-10-20,1855.28
2009-10-21,1856.88
2009-10-22,1877.63
2009-10-23,1851.74
2009-10-26,1851.8
2009-10-27,1801.8
2009-10-28,1718.86
2009-10-29,1815.95
2009-10-30,1759.2
2009-11-03,1793.53
2009-11-04,1825.81
2009-11-05,1848.73
2009-11-06,1837.83
2009-11-09,1884.83
2009-11-10,1887.4
2009-11-11,1891.67
2009-11-12,1837.49
2009-11-13,1862.99
2009-11-16,1896.93
2009-11-17,1917.4
2009-11-18,1895.86
2009-11-19,1886.31
2009-11-23,1900.42
2009-11-24,1913.15
2009-11-25,1930.14
2009-11-26,1887.04
2009-11-27,1906.91
2009-11-30,1908.02
2009-12-01,1948.93
2009-12-02,1956.35
2009-12-03,1948.16
2009-12-04,1929.88
2009-12-07,1952.73
2009-12-08,1929.46
2009-12-09,1933.57
2009-12-10,1952.41
2009-12-11,1964.59
2009-12-14,1963.4
2009-12-15,1964.03
2009-12-16,1945.74
2009-12-17,1905.1
2009-12-18,1898.85
2009-12-21,1876.04
2009-12-22,1911.36
2009-12-23,1914.1
2009-12-28,1923.42
2009-12-29,1936.49
2009-12-30,1944.87
2010-01-04,1987.43
2010-01-05,1991.88
2010-01-06,2005.03
2010-01-07,1998.78
2010-01-08,1995.32
2010-01-11,1998.31
2010-01-12,1989.62
2010-01-13,1996.59
2010-01-14,1979.81
2010-01-15,1959.32
2010-01-18,1975.48
2010-01-19,1987.85
2010-01-20,1942.07
2010-01-21,1892.0
2010-01-22,1892.77
2010-01-26,1872.24
2010-01-27,1858.05
2010-01-28,1875.95
2010-01-29,1866.71
2010-02-01,1921.73
2010-02-02,1935.34
2010-02-03,1935.35
2010-02-04,1851.37
2010-02-05,1814.91
2010-02-08,1823.15
2010-02-09,1866.12
2010-02-10,1877.27
2010-02-11,1907.35
2010-02-12,1903.18
2010-02-17,1942.02
2010-02-18,1956.01
2010-02-19,1945.97
2010-02-22,1933.87
2010-02-23,1902.56
2010-02-24,1895.24
2010-02-25,1902.92
2010-02-26,1915.02
2010-03-01,1932.71
2010-03-02,1947.75
2010-03-03,1947.22
2010-03-04,1948.63
2010-03-05,1974.63
2010-03-08,1968.73
2010-03-09,1994.08
2010-03-10,2004.19
2010-03-11,2002.81
2010-03-12,1988.44
2010-03-15,1981.99
2010-03-16,2005.57
2010-03-17,1999.91
2010-03-18,1995.73
2010-03-19,1972.18
2010-03-22,1979.44
2010-03-23,1983.73
2010-03-24,1971.66
2010-03-25,1960.94
2010-03-26,1967.05
2010-03-29,1995.67
2010-03-30,1998.29
2010-03-31,2009.6
2010-04-01,2029.04
2010-04-05,2034.3
2010-04-06,2030.3
2010-04-07,2024.91
2010-04-08,2052.45
2010-04-09,2044.38
2010-04-12,2019.31
2010-04-13,2021.06
2010-04-14,2030.88
2010-04-15,2019.41
2010-04-16,1986.29
2010-04-19,1979.98
2010-04-20,1989.31
2010-04-22,1986.96
2010-04-23,1991.11
2010-04-26,1972.16
2010-04-27,1908.91
2010-04-28,1913.08
2010-04-29,1948.97
2010-04-30,1937.63
2010-05-03,1916.65
2010-05-04,1856.34
2010-05-05,1858.49
2010-05-06,1828.06
2010-05-07,1814.75
2010-05-10,1880.69
2010-05-11,1855.86
2010-05-12,1872.48
2010-05-13,1861.93
2010-05-14,1829.73
2010-05-17,1819.66
2010-05-18,1770.97
2010-05-19,1731.77
2010-05-20,1684.77
2010-05-21,1741.13
2010-05-24,1731.13
2010-05-25,1707.24
2010-05-26,1731.99
2010-05-27,1785.94
2010-05-28,1784.15
2010-05-31,1824.62
2010-06-01,1787.45
2010-06-02,1818.47
2010-06-04,1788.32
2010-06-07,1771.77
2010-06-08,1787.14
2010-06-09,1781.27
2010-06-10,1818.63
2010-06-11,1830.22
2010-06-14,1821.41
2010-06-15,1845.86
2010-06-16,1855.89
2010-06-17,1847.32
2010-06-18,1846.81
2010-06-21,1860.64
2010-06-22,1854.24
2010-06-23,1858.97
2010-06-24,1821.21
2010-06-25,1845.39
2010-06-28,1830.04
2010-06-29,1770.34
2010-06-30,1743.49
2010-07-01,1756.76
2010-07-02,1764.2
2010-07-05,1746.21
2010-07-06,1780.73
2010-07-07,1817.42
2010-07-08,1827.12
2010-07-12,1814.76
2010-07-13,1830.56
2010-07-14,1823.96
2010-07-15,1821.08
2010-07-16,1790.51
2010-07-19,1818.37
2010-07-20,1854.94
2010-07-21,1854.19
2010-07-22,1889.15
2010-07-23,1901.14
2010-07-26,1903.3
2010-07-27,1906.39
2010-07-28,1919.06
2010-07-29,1919.29
2010-07-30,1934.55
2010-08-02,1962.78
2010-08-03,1950.55
2010-08-04,1954.7
2010-08-05,1958.58
2010-08-06,1951.73
2010-08-09,1947.78
2010-08-10,1931.06
2010-08-11,1888.58
2010-08-12,1896.17
2010-08-13,1899.53
2010-08-16,1913.03
2010-08-17,1934.7
2010-08-18,1934.49
2010-08-19,1912.31
2010-08-20,1907.42
2010-08-23,1889.52
2010-08-24,1864.33
2010-08-25,1855.01
2010-08-26,1830.7
2010-08-27,1879.62
2010-08-30,1844.53
2010-08-31,1873.0
2010-09-01,1924.83
2010-09-02,1913.05
2010-09-03,1916.19
2010-09-06,1916.54
2010-09-08,1903.35
2010-09-09,1904.16
2010-09-10,1905.94
2010-09-13,1944.0
2010-09-14,1934.18
2010-09-15,1944.51
2010-09-16,1934.33
2010-09-17,1921.46
2010-09-20,1949.92
2010-09-21,1933.16
2010-09-22,1944.77
2010-09-23,1959.02
2010-09-24,1947.45
2010-09-27,1966.72
2010-09-28,1978.29
2010-09-29,1991.9
2010-09-30,2000.72
2010-10-01,2022.1
2010-10-04,2025.99
2010-10-05,2049.57
2010-10-06,2028.61
2010-10-07,2013.09
2010-10-08,2041.77
2010-10-11,2044.62
2010-10-13,2063.12
2010-10-14,2064.06
2010-10-15,2065.74
2010-10-18,2067.66
2010-10-19,2018.01
2010-10-20,2032.88
2010-10-21,1998.99
2010-10-22,1999.32
2010-10-25,2010.1
2010-10-26,2041.76
2010-10-27,2028.78
2010-10-28,2019.95
2010-10-29,2028.96
2010-11-01,2058.08
2010-11-03,2069.25
2010-11-04,2105.43
2010-11-05,2097.63
2010-11-08,2104.43
2010-11-09,2076.06
2010-11-10,2077.06
2010-11-11,2058.05
2010-11-12,2034.85
2010-11-16,2002.79
2010-11-17,2011.99
2010-11-18,2043.54
2010-11-19,2049.96
2010-11-22,2018.11
2010-11-23,1974.82
2010-11-24,2017.53
2010-11-25,2008.08
2010-11-26,1983.06
2010-11-29,1976.44
2010-11-30,1967.28
2010-12-01,2010.62
2010-12-02,2018.83
2010-12-03,2018.97
2010-12-06,2012.44
2010-12-07,2002.1
2010-12-08,1977.82
2010-12-09,1972.92
2010-12-10,1984.9
2010-12-13,2007.23
2010-12-14,2002.31
2010-12-15,1981.18
2010-12-16,1970.83
2010-12-17,1989.23
2010-12-20,1968.91
2010-12-21,1993.92
2010-12-22,2003.36
2010-12-23,2004.39
2010-12-27,1985.25
2010-12-28,1992.53
2010-12-29,2017.33
2010-12-30,2031.14
2011-01-03,2048.54
2011-01-04,2058.65
2011-01-05,2081.25
2011-01-06,2062.42
2011-01-07,2042.15
2011-01-10,2047.44
2011-01-11,2058.42
2011-01-12,2092.51
2011-01-13,2064.16
2011-01-14,2072.84
2011-01-17,2065.87
2011-01-18,2070.33
2011-01-19,2044.04
2011-01-20,2026.78
2011-01-21,2016.63
2011-01-24,2028.42
2011-01-26,2011.99
2011-01-27,1998.01
2011-01-28,1958.69
2011-01-31,1956.35
2011-02-01,1987.51
2011-02-02,1965.01
2011-02-03,1963.94
2011-02-04,1923.04
2011-02-07,1927.87
2011-02-08,1936.84
2011-02-09,1891.21
2011-02-10,1898.65
2011-02-11,1934.62
2011-02-14,1958.15
2011-02-15,1963.49
2011-02-16,1997.21
2011-02-17,2000.16
2011-02-18,2007.21
2011-02-21,1985.74
2011-02-22,1963.42
2011-02-23,1980.46
2011-02-24,1974.05
2011-02-25,1977.49
2011-02-28,1995.12
2011-03-01,1968.46
2011-03-02,1996.83
2011-03-03,2016.75
2011-03-04,2014.63
2011-03-09,1988.87
2011-03-10,1948.64
2011-03-11,1967.48
2011-03-14,1979.44
2011-03-15,1973.42
2011-03-16,1940.44
2011-03-17,1951.17
2011-03-18,1967.89
2011-03-21,1971.88
2011-03-22,1999.17
2011-03-23,2006.56
2011-03-24,2001.83
2011-03-25,2006.56
2011-03-28,1993.4
2011-03-29,2002.74
2011-03-30,2021.84
2011-03-31,2044.35
2011-04-01,2062.52
2011-04-04,2065.78
2011-04-05,2066.7
2011-04-06,2048.16
2011-04-07,2045.97
2011-04-08,2029.42
2011-04-11,2016.68
2011-04-12,1982.38
2011-04-13,1969.3
2011-04-14,1964.46
2011-04-15,1975.17
2011-04-18,1947.74
2011-04-19,1966.93
2011-04-20,2001.85
2011-04-25,2001.59
2011-04-26,2009.12
2011-04-27,1986.29
2011-04-28,1966.2
2011-04-29,1979.35
2011-05-02,1966.41
2011-05-03,1934.86
2011-05-04,1919.91
2011-05-05,1918.96
2011-05-06,1942.03
2011-05-09,1950.69
2011-05-10,1956.29
2011-05-11,1926.42
2011-05-12,1929.2
2011-05-13,1904.37
2011-05-16,1898.67
2011-05-17,1915.18
2011-05-18,1895.46
2011-05-19,1886.83
2011-05-20,1892.27
2011-05-23,1882.8
2011-05-24,1907.18
2011-05-25,1905.56
2011-05-26,1928.04
2011-05-27,1932.63
2011-05-30,1922.21
2011-05-31,1934.29
2011-06-01,1908.85
2011-06-02,1922.76
2011-06-03,1923.81
2011-06-06,1893.42
2011-06-07,1898.63
2011-06-08,1894.51
2011-06-09,1903.14
2011-06-10,1885.38
2011-06-13,1867.69
2011-06-14,1880.3
2011-06-15,1868.92
2011-06-16,1853.73
2011-06-17,1853.67
2011-06-20,1857.93
2011-06-21,1867.2
2011-06-22,1864.76
2011-06-24,1860.11
2011-06-27,1863.8
2011-06-28,1894.85
2011-06-29,1897.88
2011-06-30,1905.53
2011-07-01,1929.12
2011-07-04,1940.76
2011-07-05,1923.49
2011-07-06,1910.81
2011-07-07,1900.35
2011-07-08,1878.65
2011-07-11,1844.45
2011-07-12,1829.5
2011-07-13,1855.92
2011-07-14,1828.48
2011-07-15,1821.01
2011-07-18,1804.82
2011-07-19,1811.72
2011-07-20,1811.33
2011-07-21,1838.51
2011-07-22,1839.31
2011-07-25,1832.59
2011-07-26,1821.95
2011-07-27,1794.43
2011-07-28,1805.86
2011-07-29,1809.13
2011-08-01,1804.92
2011-08-02,1764.94
2011-08-03,1728.31
2011-08-04,1640.64
2011-08-05,1640.36
2011-08-08,1511.52
2011-08-09,1579.11
2011-08-10,1585.66
2011-08-11,1639.26
2011-08-12,1644.07
2011-08-15,1680.52
2011-08-16,1672.61
2011-08-17,1693.2
2011-08-18,1641.28
2011-08-19,1615.82
2011-08-22,1611.05
2011-08-23,1646.08
2011-08-24,1646.45
2011-08-25,1629.72
2011-08-26,1639.49
2011-08-29,1683.1
2011-08-30,1697.99
2011-08-31,1734.88
2011-09-01,1780.58
2011-09-02,1740.26
2011-09-05,1696.48
2011-09-06,1736.08
2011-09-08,1763.88
2011-09-09,1718.29
2011-09-12,1715.15
2011-09-13,1712.8
2011-09-14,1732.46
2011-09-15,1739.63
2011-09-16,1760.72
2011-09-19,1763.08
2011-09-20,1752.41
2011-09-21,1742.73
2011-09-22,1664.95
2011-09-23,1655.06
2011-09-26,1671.07
2011-09-27,1681.98
2011-09-28,1668.45
2011-09-29,1673.44
2011-09-30,1655.66
2011-10-03,1615.11
2011-10-04,1604.74
2011-10-05,1613.74
2011-10-06,1646.53
2011-10-07,1617.45
2011-10-10,1670.98
2011-10-11,1682.56
2011-10-13,1704.61
2011-10-14,1715.71
2011-10-17,1692.08
2011-10-18,1717.47
2011-10-19,1714.4
2011-10-20,1690.22
2011-10-21,1722.77
2011-10-24,1761.57
2011-10-25,1747.41
2011-10-26,1768.51
2011-10-27,1814.49
2011-10-28,1821.84
2011-10-31,1800.05
2011-11-01,1776.94
2011-11-03,1805.06
2011-11-04,1816.26
2011-11-07,1832.89
2011-11-08,1825.22
2011-11-09,1788.62
2011-11-10,1779.32
2011-11-11,1810.06
2011-11-14,1808.8
2011-11-16,1820.8
2011-11-17,1774.78
2011-11-18,1765.76
2011-11-21,1753.87
2011-11-22,1743.71
2011-11-23,1720.33
2011-11-24,1729.21
2011-11-25,1715.78
2011-11-28,1745.16
2011-11-29,1728.95
2011-11-30,1781.13
2011-12-01,1817.3
2011-12-02,1812.76
2011-12-05,1838.95
2011-12-06,1855.6
2011-12-07,1834.22
2011-12-08,1807.35
2011-12-09,1827.04
2011-12-12,1806.36
2011-12-13,1811.76
2011-12-14,1788.35
2011-12-15,1779.53
2011-12-16,1776.76
2011-12-19,1763.04
2011-12-20,1809.01
2011-12-21,1804.18
2011-12-22,1821.21
2011-12-23,1833.38
2011-12-26,1830.08
2011-12-27,1840.01
2011-12-28,1801.16
2011-12-29,1810.98
2012-01-02,1827.37
2012-01-03,1865.56
2012-01-04,1867.84
2012-01-05,1847.72
2012-01-06,1848.12
2012-01-09,1858.36
2012-01-10,1869.98
2012-01-11,1872.65
2012-01-12,1873.19
2012-01-13,1861.89
2012-01-16,1884.29
2012-01-17,1901.52
2012-01-18,1932.41
2012-01-19,1935.15
2012-01-20,1941.07
2012-01-23,1944.15
2012-01-24,1949.11
2012-01-26,1954.08
2012-01-27,1948.98
2012-01-30,1945.75
2012-01-31,1953.4
2012-02-01,1986.45
2012-02-02,1983.09
2012-02-03,1996.89
2012-02-06,1999.45
2012-02-07,2018.4
2012-02-08,2017.54
2012-02-09,2012.1
2012-02-10,1968.62
2012-02-13,2009.67
2012-02-14,1985.94
2012-02-15,1987.08
2012-02-16,2010.73
2012-02-17,2017.01
2012-02-22,2016.73
2012-02-23,2010.24
2012-02-24,2021.46
2012-02-27,2007.93
2012-02-28,2028.75
2012-02-29,2034.06
2012-03-01,2063.56
2012-03-02,2086.33
2012-03-05,2061.51
2012-03-06,2010.44
2012-03-07,2035.27
2012-03-08,2059.84
2012-03-09,2067.39
2012-03-12,2056.61
2012-03-13,2106.48
2012-03-14,2107.31
2012-03-15,2093.33
2012-03-16,2095.43
2012-03-19,2099.85
2012-03-20,2085.66
2012-03-21,2079.68
2012-03-22,2052.4
2012-03-23,2052.92
2012-03-26,2088.45
2012-03-27,2078.73
2012-03-28,2043.51
2012-03-29,2039.98
2012-03-30,2035.27
2012-04-02,2061.33
2012-04-03,2035.06
2012-04-04,2001.4
2012-04-05,2001.62
2012-04-09,1980.03
2012-04-10,1956.92
2012-04-11,1954.99
2012-04-12,2005.13
2012-04-13,1977.83
2012-04-16,1970.99
2012-04-17,1987.12
2012-04-18,2002.49
2012-04-19,1997.83
2012-04-20,2001.63
2012-04-23,1981.1
2012-04-24,1987.5
2012-04-25,1972.67
2012-04-26,1985.54
2012-04-27,1983.8
2012-04-30,1990.97
2012-05-02,2001.31
2012-05-03,1985.98
2012-05-04,1949.89
2012-05-07,1962.37
2012-05-08,1938.36
2012-05-09,1923.81
2012-05-10,1926.61
2012-05-11,1917.03
2012-05-14,1872.5
2012-05-15,1846.6
2012-05-16,1837.92
2012-05-17,1784.99
2012-05-18,1798.81
2012-05-21,1860.0
2012-05-22,1834.91
2012-05-23,1812.71
2012-05-24,1791.56
2012-05-25,1796.63
2012-05-28,1817.1
2012-05-29,1811.41
2012-05-30,1794.17
2012-05-31,1824.88
2012-06-01,1793.62
2012-06-04,1791.98
2012-06-05,1769.43
2012-06-06,1820.49
2012-06-08,1819.48
2012-06-11,1808.93
2012-06-12,1842.47
2012-06-13,1851.27
2012-06-14,1840.8
2012-06-15,1858.76
2012-06-18,1870.57
2012-06-19,1906.42
2012-06-20,1902.85
2012-06-21,1853.46
2012-06-22,1849.08
2012-06-25,1801.93
2012-06-26,1809.53
2012-06-27,1802.96
2012-06-28,1796.94
2012-06-29,1842.25
2012-07-02,1846.7
2012-07-03,1880.52
2012-07-04,1887.48
2012-07-05,1899.43
2012-07-06,1874.63
2012-07-10,1825.68
2012-07-11,1822.23
2012-07-12,1817.48
2012-07-13,1845.3
2012-07-16,1828.85
2012-07-17,1835.25
2012-07-18,1851.71
2012-07-19,1869.94
2012-07-20,1843.45
2012-07-23,1812.17
2012-07-24,1802.39
2012-07-25,1806.01
2012-07-26,1842.66
2012-07-27,1913.99
2012-07-30,1931.67
2012-07-31,1898.74
2012-08-01,1902.51
2012-08-02,1882.45
2012-08-03,1922.61
2012-08-06,1948.76
2012-08-07,1943.7
2012-08-08,1975.07
2012-08-09,1966.16
2012-08-10,1979.43
2012-08-13,1973.05
2012-08-14,1953.22
2012-08-15,1955.29
2012-08-16,1982.86
2012-08-17,1972.12
2012-08-20,1973.11
2012-08-21,1958.07
2012-08-22,1970.17
2012-08-23,1949.85
2012-08-24,1946.49
2012-08-27,1940.62
2012-08-28,1944.08
2012-08-29,1915.05
2012-08-30,1908.84
2012-08-31,1900.04
2012-09-03,1910.81
2012-09-04,1884.37
2012-09-05,1902.64
2012-09-06,1943.79
2012-09-10,1944.29
2012-09-11,1963.31
2012-09-12,1965.5
2012-09-13,2015.34
2012-09-14,2028.67
2012-09-17,2029.27
2012-09-18,2022.63
2012-09-19,2013.43
2012-09-20,2013.83
2012-09-21,2009.87
2012-09-24,2021.04
2012-09-25,1974.99
2012-09-26,1976.48
2012-09-27,1972.81
2012-09-28,1950.74
2012-10-01,1965.98
2012-10-02,1967.1
2012-10-03,1946.11
2012-10-04,1952.14
2012-10-05,1961.0
2012-10-08,1979.72
2012-10-09,1961.05
2012-10-10,1947.46
2012-10-11,1969.73
2012-10-15,1978.32
2012-10-16,1990.05
2012-10-17,1994.47
2012-10-18,1989.43
2012-10-19,1967.61
2012-10-22,1959.62
2012-10-23,1929.57
2012-10-24,1926.23
2012-10-25,1949.26
2012-10-26,1942.85
2012-10-29,1940.34
2012-10-30,1953.02
2012-10-31,1935.1
2012-11-01,1973.54
2012-11-05,1972.82
2012-11-06,1997.52
2012-11-07,1971.0
2012-11-08,1941.0
2012-11-09,1937.53
2012-11-12,1926.63
2012-11-13,1942.47
2012-11-14,1912.62
2012-11-16,1899.17
2012-11-19,1924.28
2012-11-21,1924.28
2012-11-22,1929.07
2012-11-23,1961.13
2012-11-26,1941.47
2012-11-27,1924.61
2012-11-28,1930.86
2012-11-29,1959.55
2012-11-30,1960.05
2012-12-03,1978.22
2012-12-04,1960.5
2012-12-05,1964.57
2012-12-06,1963.34
2012-12-07,1979.64
2012-12-10,1999.49
2012-12-11,2017.89
2012-12-12,2015.49
2012-12-13,2012.18
2012-12-14,2025.73
2012-12-17,2028.07
2012-12-18,2048.69
2012-12-19,2071.29
2012-12-20,2071.37
2012-12-21,2070.44
2012-12-26,2056.55
2012-12-27,2043.46
2012-12-28,2057.15
2013-01-02,2098.38
2013-01-03,2126.56
2013-01-04,2111.92
2013-01-07,2091.97
2013-01-08,2074.34
2013-01-09,2094.49
2013-01-10,2093.79
2013-01-11,2085.3
2013-01-14,2097.07
2013-01-15,2084.65
2013-01-16,2094.3
2013-01-17,2110.52
2013-01-18,2106.12
2013-01-21,2104.68
2013-01-22,2108.65
2013-01-23,2108.71
2013-01-24,2094.8
2013-01-28,2061.0
2013-01-29,2069.69
2013-01-30,2041.35
2013-01-31,2062.01
2013-02-01,2074.57
2013-02-04,2055.04
2013-02-05,2049.82
2013-02-06,2036.25
2013-02-07,2016.93
2013-02-08,2023.87
2013-02-13,2021.85
2013-02-14,2011.73
2013-02-15,2020.25
2013-02-18,2020.34
2013-02-19,2013.2
2013-02-20,1981.69
2013-02-21,1973.09
2013-02-22,1987.66
2013-02-25,1984.17
2013-02-26,1986.56
2013-02-27,1991.64
2013-02-28,2006.97
2013-03-01,2001.57
2013-03-04,1988.11
2013-03-05,1984.01
2013-03-06,2043.81
2013-03-07,2056.99
2013-03-08,2056.11
2013-03-11,2061.37
2013-03-12,2046.86
2013-03-13,2030.29
2013-03-14,2035.35
2013-03-15,2025.83
2013-03-18,2025.76
2013-03-19,2007.97
2013-03-20,2003.32
2013-03-21,1988.8
2013-03-22,1980.61
2013-03-25,1969.92
2013-03-26,1990.88
2013-03-27,2002.78
2013-03-28,2019.71
2013-04-01,2003.49
2013-04-02,1979.79
2013-04-03,1998.84
2013-04-04,1969.69
2013-04-05,1976.33
2013-04-08,1974.28
2013-04-09,2007.85
2013-04-10,2019.81
2013-04-11,2000.58
2013-04-12,1984.51
2013-04-15,1924.06
2013-04-16,1962.39
2013-04-17,1931.84
2013-04-18,1938.63
2013-04-19,1964.74
2013-04-22,1972.36
2013-04-23,2000.59
2013-04-24,2001.5
2013-04-25,1997.99
2013-04-26,1968.54
2013-04-29,1987.68
2013-04-30,2035.91
2013-05-02,2021.73
2013-05-03,2028.56
2013-05-06,2028.15
2013-05-07,2056.77
2013-05-08,2053.12
2013-05-09,2055.3
2013-05-10,2046.0
2013-05-13,2021.36
2013-05-14,2029.67
2013-05-15,2036.82
2013-05-16,2030.97
2013-05-17,2048.46
2013-05-20,2069.84
2013-05-21,2082.28
2013-05-22,2082.94
2013-05-23,2069.13
2013-05-24,2067.34
2013-05-27,2065.01
2013-05-28,2069.05
2013-05-29,2034.38
2013-05-31,2019.63
2013-06-03,2019.73
2013-06-04,2016.71
2013-06-05,1974.4
2013-06-06,1977.9
2013-06-07,1947.97
2013-06-10,1939.71
2013-06-11,1891.4
2013-06-12,1873.72
2013-06-13,1899.46
2013-06-14,1869.64
2013-06-17,1879.2
2013-06-18,1882.15
2013-06-19,1840.53
2013-06-20,1834.67
2013-06-21,1803.49
2013-06-24,1761.58
2013-06-25,1782.23
2013-06-26,1794.95
2013-06-27,1821.14
2013-06-28,1834.91
2013-07-01,1840.12
2013-07-02,1774.64
2013-07-03,1769.08
2013-07-04,1786.0
2013-07-05,1761.71
2013-07-08,1757.9
2013-07-10,1772.56
2013-07-11,1817.84
2013-07-12,1794.78
2013-07-15,1823.83
2013-07-16,1831.61
2013-07-17,1846.41
2013-07-18,1848.68
2013-07-19,1835.51
2013-07-22,1870.52
2013-07-23,1882.5
2013-07-24,1869.8
2013-07-25,1886.11
2013-07-26,1888.46
2013-07-29,1880.1
2013-07-30,1867.46
2013-07-31,1866.09
2013-08-01,1900.67
2013-08-02,1885.73
2013-08-05,1877.0
2013-08-06,1842.85
2013-08-07,1843.85
2013-08-08,1885.12
2013-08-09,1907.44
2013-08-12,1915.27
2013-08-13,1926.36
2013-08-14,1926.16
2013-08-15,1927.42
2013-08-16,1937.14
2013-08-19,1929.06
2013-08-20,1892.86
2013-08-21,1886.28
2013-08-22,1912.54
2013-08-23,1934.78
2013-08-26,1911.67
2013-08-27,1874.15
2013-08-28,1866.26
2013-08-29,1876.92
2013-08-30,1893.7
2013-09-02,1922.94
2013-09-03,1900.88
2013-09-04,1911.43
2013-09-05,1934.3
2013-09-06,1953.22
2013-09-09,1995.75
2013-09-10,2008.39
2013-09-11,2001.49
2013-09-12,1981.7
2013-09-13,1995.57
2013-09-16,2002.65
2013-09-17,2010.15
2013-09-18,2046.47
2013-09-19,2043.9
2013-09-20,2011.12
2013-09-23,2025.79
2013-09-24,2020.8
2013-09-25,2018.91
2013-09-26,2018.36
2013-09-27,2025.82
2013-09-30,1987.95
2013-10-01,2012.15
2013-10-02,2010.95
2013-10-03,1994.79
2013-10-04,2008.15
2013-10-07,2004.59
2013-10-08,1992.58
2013-10-09,2000.06
2013-10-10,2016.49
2013-10-11,2024.99
2013-10-14,2049.13
2013-10-15,2049.61
2013-10-16,2051.65
2013-10-17,2054.0
2013-10-18,2059.63
2013-10-21,2075.11
2013-10-22,2087.71
2013-10-23,2059.89
2013-10-24,2052.97
2013-10-25,2049.55
2013-10-28,2076.35
2013-10-29,2073.67
2013-10-30,2078.05
2013-10-31,2091.53
2013-11-01,2084.93
2013-11-04,2102.02
2013-11-05,2085.2
2013-11-06,2078.5
2013-11-07,2056.96
2013-11-08,2035.19
2013-11-11,2048.97
2013-11-12,2021.3
2013-11-13,2034.59
2013-11-14,2074.82
2013-11-18,2102.04
2013-11-19,2062.95
2013-11-21,2051.66
2013-11-22,2050.96
2013-11-25,2030.89
2013-11-26,2010.93
2013-11-27,2026.42
2013-11-28,2025.2
2013-11-29,2048.25
2013-12-02,2001.77
2013-12-03,1971.53
2013-12-04,1954.39
2013-12-05,1968.86
2013-12-06,1968.09
2013-12-09,1976.75
2013-12-10,1966.6
2013-12-11,1935.6
2013-12-12,1933.81
2013-12-13,1931.48
2013-12-16,1939.72
2013-12-17,1934.03
2013-12-18,1941.59
2013-12-19,1974.28
2013-12-20,1963.4
2013-12-23,1968.78
2013-12-26,1965.13
2013-12-27,1972.47
2013-12-30,1984.75
2014-01-02,1957.75
2014-01-03,1947.25
2014-01-06,1946.63
2014-01-07,1931.79
2014-01-08,1936.67
2014-01-09,1890.03
2014-01-10,1901.84
2014-01-13,1890.76
2014-01-14,1902.27
2014-01-15,1915.69
2014-01-16,1899.52
2014-01-17,1880.26
2014-01-20,1864.33
2014-01-21,1860.98
2014-01-22,1886.71
2014-01-23,1849.51
2014-01-24,1829.47
2014-01-27,1824.79
2014-01-28,1830.51
2014-01-29,1819.67
2014-01-30,1807.62
2014-01-31,1822.95
2014-02-03,1768.06
2014-02-04,1797.85
2014-02-05,1784.63
2014-02-06,1825.88
2014-02-07,1837.23
2014-02-10,1823.48
2014-02-11,1851.67
2014-02-12,1841.16
2014-02-13,1828.98
2014-02-14,1843.71
2014-02-17,1821.56
2014-02-18,1790.06
2014-02-19,1810.47
2014-02-20,1813.81
2014-02-21,1819.19
2014-02-24,1822.03
2014-02-25,1798.79
2014-02-26,1797.3
2014-02-27,1831.77
2014-02-28,1817.76
2014-03-05,1802.33
2014-03-06,1821.61
2014-03-07,1791.94
2014-03-10,1766.45
2014-03-11,1773.01
2014-03-12,1776.98
2014-03-13,1760.8
2014-03-14,1742.22
2014-03-17,1752.7
2014-03-18,1790.48
2014-03-19,1803.38
2014-03-20,1827.46
2014-03-21,1832.0
2014-03-24,1854.7
2014-03-25,1860.91
2014-03-26,1855.96
2014-03-27,1914.41
2014-03-28,1916.7
2014-03-31,1938.8
2014-04-01,1936.9
2014-04-02,1986.62
2014-04-03,1976.36
2014-04-04,1962.6
2014-04-07,1998.94
2014-04-08,1979.13
2014-04-09,1965.56
2014-04-10,1967.02
2014-04-11,1996.13
2014-04-14,1986.61
2014-04-15,1949.33
2014-04-16,1977.05
2014-04-17,2008.63
2014-04-22,2005.39
2014-04-23,1989.71
2014-04-24,1997.12
2014-04-25,1983.92
2014-04-28,1983.48
2014-04-29,1998.24
2014-04-30,1989.36
2014-05-02,2028.34
2014-05-05,2046.65
2014-05-06,2058.88
2014-05-07,2068.07
2014-05-08,2047.3
2014-05-09,2035.77
2014-05-12,2069.24
2014-05-13,2064.96
2014-05-14,2082.68
2014-05-15,2061.48
2014-05-16,2065.29
2014-05-19,2042.93
2014-05-20,2007.72
2014-05-21,2002.69
2014-05-22,2024.72
2014-05-23,2017.85
2014-05-26,2028.6
2014-05-27,2000.13
2014-05-28,2016.8
2014-05-29,2004.61
2014-05-30,1968.88
2014-06-02,1981.67
2014-06-03,1998.54
2014-06-04,1991.55
2014-06-05,1981.79
2014-06-06,2037.5
2014-06-09,2078.73
2014-06-10,2091.72
2014-06-11,2108.07
2014-06-13,2096.51
2014-06-16,2089.92
2014-06-17,2079.16
2014-06-18,2112.62
2014-06-20,2091.98
2014-06-23,2075.76
2014-06-24,2079.06
2014-06-25,2048.29
2014-06-26,2051.13
2014-06-27,2038.27
2014-06-30,2039.38
2014-07-01,2039.08
2014-07-02,2032.38
2014-07-03,2062.24
2014-07-04,2069.58
2014-07-07,2059.9
2014-07-08,2053.53
2014-07-10,2084.82
2014-07-11,2092.8
2014-07-14,2125.31
2014-07-15,2132.37
2014-07-16,2123.11
2014-07-17,2120.06
2014-07-18,2168.35
2014-07-21,2192.44
2014-07-22,2205.84
2014-07-23,2186.09
2014-07-24,2206.13
2014-07-25,2200.03
2014-07-28,2195.08
2014-07-29,2174.09
2014-07-30,2163.92
2014-07-31,2125.15
2014-08-01,2128.05
2014-08-04,2154.27
2014-08-05,2139.56
2014-08-06,2148.08
2014-08-07,2137.81
2014-08-08,2117.63
2014-08-11,2155.2
2014-08-12,2150.56
2014-08-13,2122.98
2014-08-14,2129.41
2014-08-15,2171.14
2014-08-18,2191.71
2014-08-19,2222.91
2014-08-20,2237.8
2014-08-21,2242.8
2014-08-22,2222.27
2014-08-25,2269.7
2014-08-26,2272.79
2014-08-27,2313.52
2014-08-28,2290.64
2014-08-29,2326.81
2014-09-01,2321.53
2014-09-02,2348.01
2014-09-03,2347.53
2014-09-04,2310.57
2014-09-05,2306.83
2014-09-08,2253.12
2014-09-09,2232.38
2014-09-10,2215.62
2014-09-11,2220.94
2014-09-12,2169.28
2014-09-15,2203.59
2014-09-16,2244.69
2014-09-17,2244.81
2014-09-18,2219.29
2014-09-19,2198.53
2014-09-22,2162.02
2014-09-23,2152.25
2014-09-24,2162.9
2014-09-25,2132.02
2014-09-26,2177.12
2014-09-29,2084.94
2014-09-30,2067.78
2014-10-01,2020.82
2014-10-02,2042.81
2014-10-03,2080.73
2014-10-06,2171.62
2014-10-07,2183.27
2014-10-08,2169.36
2014-10-09,2176.49
2014-10-10,2106.3
2014-10-13,2199.02
2014-10-14,2201.3
2014-10-15,2133.27
2014-10-16,2068.06
2014-10-17,2118.47
2014-10-20,2067.75
2014-10-21,1999.05
2014-10-22,1997.53
2014-10-23,1935.58
2014-10-24,1979.93
2014-10-27,1930.96
2014-10-28,1999.17
2014-10-29,1954.38
2014-10-30,2002.11
2014-10-31,2086.23
2014-11-03,2062.47
2014-11-04,2077.56
2014-11-05,2053.54
2014-11-06,2014.53
2014-11-07,2035.61
2014-11-10,2018.16
2014-11-11,2009.53
2014-11-12,2027.04
2014-11-13,1986.38
2014-11-14,1983.71
2014-11-17,1963.88
2014-11-18,1994.33
2014-11-19,2042.3
2014-11-21,2138.79
2014-11-24,2115.36
2014-11-25,2119.82
2014-11-26,2103.14
2014-11-27,2091.95
2014-11-28,2092.8
2014-12-01,2004.12
2014-12-02,1981.42
2014-12-03,2006.34
2014-12-04,1974.25
2014-12-05,1993.48
2014-12-08,1932.63
2014-12-09,1927.81
2014-12-10,1904.84
2014-12-11,1915.77
2014-12-12,1847.78
2014-12-15,1811.66
2014-12-16,1808.31
2014-12-17,1870.85
2014-12-18,1863.9
2014-12-19,1906.79
2014-12-22,1923.89
2014-12-23,1951.05
2014-12-26,1925.96
2014-12-29,1943.84
2014-12-30,1923.7
2015-01-02,1869.72
2015-01-05,1831.5
2015-01-06,1846.58
2015-01-07,1899.16
2015-01-08,1914.27
2015-01-09,1873.6
2015-01-12,1849.93
2015-01-13,1844.82
2015-01-14,1832.55
2015-01-15,1844.25
2015-01-16,1881.0
2015-01-19,1835.44
2015-01-20,1839.02
2015-01-21,1887.46
2015-01-22,1895.52
2015-01-23,1873.16
2015-01-26,1864.71
2015-01-27,1865.21
2015-01-28,1835.84
2015-01-29,1839.69
2015-01-30,1809.74
2015-02-02,1836.31
2015-02-03,1881.18
2015-02-04,1893.43
2015-02-05,1893.5
2015-02-06,1877.1
2015-02-09,1898.93
2015-02-10,1868.72
2015-02-11,1856.35
2015-02-12,1902.78
2015-02-13,1941.13
2015-02-18,1965.6
2015-02-19,1966.95
2015-02-20,1963.26
2015-02-23,1965.34
2015-02-24,1986.87
2015-02-25,1985.27
2015-02-26,1985.56
2015-02-27,1974.31
2015-03-02,1955.54
2015-03-03,1966.01
2015-03-04,1935.77
2015-03-05,1932.17
2015-03-06,1917.26
2015-03-09,1888.0
2015-03-10,1855.74
2015-03-11,1878.53
2015-03-12,1880.31
2015-03-13,1870.72
2015-03-16,1879.8
2015-03-17,1930.51
2015-03-18,1976.49
2015-03-19,1956.19
2015-03-20,1991.92
2015-03-23,1988.77
2015-03-24,1976.28
2015-03-25,1988.47
2015-03-26,1942.8
2015-03-27,1927.44
2015-03-30,1969.04
2015-03-31,1967.1
2015-04-01,2008.77
2015-04-02,2036.94
2015-04-06,2060.76
2015-04-07,2060.54
2015-04-08,2058.85
2015-04-09,2061.36
2015-04-10,2075.04
2015-04-13,2075.43
2015-04-14,2067.71
2015-04-15,2099.43
2015-04-16,2090.25
2015-04-17,2064.65
2015-04-20,2057.38
2015-04-22,2085.84
2015-04-23,2122.97
2015-04-24,2153.18
2015-04-27,2116.18
2015-04-28,2123.67
2015-04-29,2111.02
2015-04-30,2141.25
2015-05-04,2182.87
2015-05-05,2207.7
2015-05-06,2176.32
2015-05-07,2170.13
2015-05-08,2180.85
2015-05-11,2181.71
2015-05-12,2167.32
2015-05-13,2151.54
2015-05-14,2164.54
2015-05-15,2187.92
2015-05-18,2150.94
2015-05-19,2127.11
2015-05-20,2105.59
2015-05-21,2112.71
2015-05-22,2086.13
2015-05-25,2094.48
2015-05-26,2056.8
2015-05-27,2079.4
2015-05-28,2068.74
2015-05-29,2025.51
2015-06-01,2036.03
2015-06-02,2079.57
2015-06-03,2054.26
2015-06-05,2036.3
2015-06-08,2029.81
2015-06-09,2030.01
2015-06-10,2067.42
2015-06-11,2060.11
2015-06-12,2047.47
2015-06-15,2039.24
2015-06-16,2059.55
2015-06-17,2043.94
2015-06-18,2078.26
2015-06-19,2061.71
2015-06-22,2067.13
2015-06-23,2064.69
2015-06-24,2065.3
2015-06-25,2041.89
2015-06-26,2072.09
2015-06-29,2034.95
2015-06-30,2039.27
2015-07-01,2029.65
2015-07-02,2043.35
2015-07-03,2024.57
2015-07-06,2011.38
2015-07-07,2019.74
2015-07-08,1998.61
2015-07-10,2026.98
2015-07-13,2045.12
2015-07-14,2050.37
2015-07-15,2039.88
2015-07-16,2045.08
2015-07-17,2018.41
2015-07-20,1992.85
2015-07-21,1988.68
2015-07-22,1968.85
2015-07-23,1927.53
2015-07-24,1906.83
2015-07-27,1889.29
2015-07-28,1917.46
2015-07-29,1941.04
2015-07-30,1929.92
2015-07-31,1967.88
2015-08-03,1942.6
2015-08-04,1940.17
2015-08-05,1946.62
2015-08-06,1934.42
2015-08-07,1882.89
2015-08-10,1909.12
2015-08-11,1898.84
2015-08-12,1872.35
2015-08-13,1859.24
2015-08-14,1841.34
2015-08-17,1831.23
2015-08-18,1840.37
2015-08-19,1807.21
2015-08-20,1806.59
2015-08-21,1771.76
2015-08-24,1720.45
2015-08-25,1729.2
2015-08-26,1784.49
2015-08-27,1845.17
2015-08-28,1826.52
2015-08-31,1805.88
2015-09-01,1762.53
2015-09-02,1797.13
2015-09-03,1831.55
2015-09-04,1800.67
2015-09-08,1807.72
2015-09-09,1802.54
2015-09-10,1795.95
2015-09-11,1792.85
2015-09-14,1825.82
2015-09-15,1831.03
2015-09-16,1873.85
2015-09-17,1874.91
2015-09-18,1827.99
2015-09-21,1801.96
2015-09-22,1791.48
2015-09-23,1758.23
2015-09-24,1756.08
2015-09-25,1740.71
2015-09-28,1710.51
2015-09-29,1717.54
2015-09-30,1750.91
2015-10-01,1760.34
2015-10-02,1822.76
2015-10-05,1845.37
2015-10-06,1847.83
2015-10-07,1887.78
2015-10-08,1892.3
2015-10-09,1900.64
2015-10-13,1831.11
2015-10-14,1805.87
2015-10-15,1824.08
2015-10-16,1828.18
2015-10-19,1836.03
2015-10-20,1825.02
2015-10-21,1823.93
2015-10-22,1850.94
2015-10-23,1845.28
2015-10-26,1830.72
2015-10-27,1826.09
2015-10-28,1813.76
2015-10-29,1771.44
2015-10-30,1774.91
2015-11-03,1850.92
2015-11-04,1839.15
2015-11-05,1854.04
2015-11-06,1812.41
2015-11-09,1785.86
2015-11-10,1784.41
2015-11-11,1817.25
2015-11-12,1809.31
2015-11-13,1797.71
2015-11-16,1808.38
2015-11-17,1823.82
2015-11-18,1829.14
2015-11-19,1854.86
2015-11-23,1855.42
2015-11-24,1858.32
2015-11-25,1809.97
2015-11-26,1821.14
2015-11-27,1775.16
2015-11-30,1745.85
2015-12-01,1745.94
2015-12-02,1741.82
2015-12-03,1795.6
2015-12-04,1757.05
2015-12-07,1753.01
2015-12-08,1722.64
2015-12-09,1780.6
2015-12-10,1762.77
2015-12-11,1750.64
2015-12-14,1729.14
2015-12-15,1731.54
2015-12-16,1736.94
2015-12-17,1747.84
2015-12-18,1698.03
2015-12-21,1674.86
2015-12-22,1685.28
2015-12-23,1706.18
2015-12-28,1698.25
2015-12-29,1693.07
2015-12-30,1679.71
2016-01-04,1631.09
2016-01-05,1642.07
2016-01-06,1619.03
2016-01-07,1577.37
2016-01-08,1576.58
2016-01-11,1550.53
2016-01-12,1537.02
2016-01-13,1516.75
2016-01-14,1535.14
2016-01-15,1500.57
2016-01-18,1476.74
2016-01-19,1482.19
2016-01-20,1465.41
2016-01-21,1466.6
2016-01-22,1480.83
2016-01-26,1460.82
2016-01-27,1496.8
2016-01-28,1506.77
2016-01-29,1574.67
2016-02-01,1581.66
2016-02-02,1510.25
2016-02-03,1544.79
2016-02-04,1588.31
2016-02-05,1580.71
2016-02-10,1571.92
2016-02-11,1533.38
2016-02-12,1549.89
2016-02-15,1559.95
2016-02-16,1591.68
2016-02-17,1616.45
2016-02-18,1613.65
2016-02-19,1615.28
2016-02-22,1677.14
2016-02-23,1650.82
2016-02-24,1633.84
2016-02-25,1627.14
2016-02-26,1615.34
2016-02-29,1658.26
2016-03-01,1706.67
2016-03-02,1733.2
2016-03-03,1812.09
2016-03-04,1878.08
2016-03-07,1883.58
2016-03-08,1879.19
2016-03-09,1864.78
2016-03-10,1896.92
2016-03-11,1898.94
2016-03-14,1871.02
2016-03-15,1809.83
2016-03-16,1831.84
2016-03-17,1944.28
2016-03-18,1939.96
2016-03-21,1954.58
2016-03-22,1949.12
2016-03-23,1902.36
2016-03-24,1900.42
2016-03-28,1942.91
2016-03-29,1955.27
2016-03-30,1957.16
2016-03-31,1911.76
2016-04-01,1930.28
2016-04-04,1865.16
2016-04-05,1875.48
2016-04-06,1841.31
2016-04-07,1856.29
2016-04-08,1919.46
2016-04-11,1912.97
2016-04-12,1976.98
2016-04-13,2018.46
2016-04-14,1993.3
2016-04-15,2023.92
2016-04-18,2012.51
2016-04-19,2040.01
2016-04-20,2036.28
2016-04-22,2013.56
2016-04-25,1976.85
2016-04-26,2020.49
2016-04-27,2069.92
2016-04-28,2062.93
2016-04-29,2048.26
2016-05-02,2036.35
2016-05-03,1990.32
2016-05-04,2001.29
2016-05-05,1968.99
2016-05-06,1969.96
2016-05-09,1943.85
2016-05-10,2018.94
2016-05-11,2010.74
2016-05-12,2030.59
2016-05-13,1977.88
2016-05-16,1977.02
2016-05-17,1941.72
2016-05-18,1930.85
2016-05-19,1915.34
2016-05-20,1902.47
2016-05-23,1887.8
2016-05-24,1889.19
2016-05-25,1893.59
2016-05-27,1879.34
2016-05-30,1875.46
2016-05-31,1858.28
2016-06-01,1877.82
2016-06-02,1909.4
2016-06-03,1936.25
2016-06-06,1928.8
2016-06-07,1930.11
2016-06-08,1971.22
2016-06-09,1953.55
2016-06-10,1892.16
2016-06-13,1901.84
2016-06-14,1863.76
2016-06-15,1873.34
2016-06-16,1891.35
2016-06-17,1895.61
2016-06-20,1925.04
2016-06-21,1945.01
2016-06-22,1922.09
2016-06-23,1975.02
2016-06-24,1923.11
2016-06-27,1892.14
2016-06-28,1921.44
2016-06-29,1957.42
2016-06-30,1977.69
2016-07-01,2001.77
2016-07-04,2014.82
2016-07-05,1990.82
2016-07-06,1992.12
2016-07-07,1997.12
2016-07-08,2039.12
2016-07-11,2071.26
2016-07-12,2082.61
2016-07-13,2095.81
2016-07-14,2129.37
2016-07-15,2132.83
2016-07-18,2166.73
2016-07-19,2175.62
2016-07-20,2171.09
2016-07-21,2173.95
2016-07-22,2188.13
2016-07-25,2183.78
2016-07-26,2179.24
2016-07-27,2182.42
2016-07-28,2175.92
2016-07-29,2202.44
2016-08-01,2184.28
2016-08-02,2162.89
2016-08-03,2195.02
2016-08-04,2215.9
2016-08-05,2220.32
2016-08-08,2218.75
2016-08-09,2220.46
2016-08-10,2191.76
2016-08-11,2242.85
2016-08-12,2243.14
2016-08-15,2272.73
2016-08-16,2262.83
2016-08-17,2279.13
2016-08-18,2274.04
2016-08-19,2270.57
2016-08-22,2221.05
2016-08-23,2228.04
2016-08-24,2217.16
2016-08-25,2217.27
2016-08-26,2219.6
2016-08-29,2252.9
2016-08-30,2252.8
2016-08-31,2228.79
2016-09-01,2241.07
2016-09-02,2293.25
2016-09-05,2291.1
2016-09-06,2313.77
2016-09-08,2317.64
2016-09-09,2234.77
2016-09-12,2255.5
2016-09-13,2190.0
2016-09-14,2198.8
2016-09-15,2229.9
2016-09-16,2198.42
2016-09-19,2207.97
2016-09-20,2222.84
2016-09-21,2245.67
2016-09-22,2268.45
2016-09-23,2256.16
2016-09-26,2232.12
2016-09-27,2243.58
2016-09-28,2279.16
2016-09-29,2242.0
2016-09-30,2241.8
2016-10-03,2282.47
2016-10-04,2278.7
2016-10-05,2311.13
2016-10-06,2326.44
2016-10-07,2342.73
2016-10-10,2363.82
2016-10-11,2339.72
2016-10-13,2344.03
2016-10-14,2367.21
2016-10-17,2401.07
2016-10-18,2441.35
2016-10-19,2430.1
2016-10-20,2442.09
2016-10-21,2452.73
2016-10-24,2451.51
2016-10-25,2443.63
2016-10-26,2441.71
2016-10-27,2457.86
2016-10-28,2460.34
2016-10-31,2482.91
2016-11-01,2422.07
2016-11-03,2363.58
2016-11-04,2356.83
2016-11-07,2444.97
2016-11-08,2448.86
2016-11-09,2414.31
2016-11-10,2333.81
2016-11-11,2258.33
2016-11-14,2273.09
2016-11-16,2316.03
2016-11-17,2280.43
2016-11-18,2287.85
2016-11-21,2327.19
2016-11-22,2357.44
2016-11-23,2357.72
2016-11-24,2338.7
2016-11-25,2343.8
2016-11-28,2388.98
2016-11-29,2323.6
2016-11-30,2357.46
2016-12-01,2267.21
2016-12-02,2293.8
2016-12-05,2276.3
2016-12-06,2321.25
2016-12-07,2332.41
2016-12-08,2307.62
2016-12-09,2302.36
2016-12-12,2253.47
2016-12-13,2258.93
2016-12-14,2220.28
2016-12-15,2227.3
2016-12-16,2228.25
2016-12-19,2183.11
2016-12-20,2197.65
2016-12-21,2200.77
2016-12-22,2187.87
2016-12-23,2212.68
2016-12-26,2237.57
2016-12-27,2240.62
2016-12-28,2281.45
2016-12-29,2298.62
2017-01-02,2276.0
2017-01-03,2357.02
2017-01-04,2351.49
2017-01-05,2369.58
2017-01-06,2354.04
2017-01-09,2355.72
2017-01-10,2370.39
2017-01-11,2380.4
2017-01-12,2438.08
2017-01-13,2427.74
2017-01-16,2434.85
2017-01-17,2455.19
2017-01-18,2446.13
2017-01-19,2436.82
2017-01-20,2459.07
2017-01-23,2503.05
2017-01-24,2507.58
2017-01-26,2523.43
2017-01-27,2516.56
2017-01-30,2452.63
2017-01-31,2467.13
2017-02-01,2473.59
2017-02-02,2465.97
2017-02-03,2481.55
2017-02-06,2447.12
2017-02-07,2455.04
2017-02-08,2479.49
2017-02-09,2485.38
2017-02-10,2527.66
2017-02-13,2558.82
2017-02-14,2548.36
2017-02-15,2595.91
2017-02-16,2591.06
2017-02-17,2588.92
2017-02-20,2617.09
2017-02-21,2637.18
2017-02-22,2618.83
2017-02-23,2579.31
2017-02-24,2550.41
2017-03-01,2563.38
2017-03-02,2522.35
2017-03-03,2555.77
2017-03-06,2542.94
2017-03-07,2521.1
2017-03-08,2481.32
2017-03-09,2473.03
2017-03-10,2477.73
2017-03-13,2510.6
2017-03-14,2480.44
2017-03-15,2534.82
2017-03-16,2519.28
2017-03-17,2461.7
2017-03-20,2483.12
2017-03-21,2414.82
2017-03-22,2434.3
2017-03-23,2436.21
2017-03-24,2447.16
2017-03-27,2462.64
2017-03-28,2474.69
2017-03-29,2507.38
2017-03-30,2497.47
2017-03-31,2488.85
2017-04-03,2498.16
2017-04-04,2517.87
2017-04-05,2482.69
2017-04-06,2461.15
2017-04-07,2475.38
2017-04-10,2476.68
2017-04-11,2467.22
2017-04-12,2449.8
2017-04-13,2412.48
2017-04-17,2468.61
2017-04-18,2462.37
2017-04-19,2436.07
2017-04-20,2446.93
2017-04-24,2469.0
2017-04-25,2497.8
2017-04-26,2487.51
2017-04-27,2481.5
2017-04-28,2511.1
2017-05-02,2561.92
2017-05-03,2541.77
2017-05-04,2497.26
2017-05-05,2529.33
2017-05-08,2524.34
2017-05-09,2552.68
2017-05-10,2592.79
2017-05-11,2601.33
2017-05-12,2624.91
2017-05-15,2633.44
2017-05-16,2643.03
2017-05-17,2600.76
2017-05-18,2371.29
2017-05-19,2412.65
2017-05-22,2373.21
2017-05-23,2413.07
2017-05-24,2436.95
2017-05-25,2435.64
2017-05-26,2469.51
2017-05-29,2457.85
2017-05-30,2464.88
2017-05-31,2419.82
2017-06-01,2403.61
2017-06-02,2412.2
2017-06-05,2409.17
2017-06-06,2428.74
2017-06-07,2438.61
2017-06-08,2422.51
2017-06-09,2402.27
2017-06-12,2383.44
2017-06-13,2389.13
2017-06-14,2393.0
2017-06-16,2384.14
2017-06-19,2397.48
2017-06-20,2351.56
2017-06-21,2348.31
2017-06-22,2366.7
2017-06-23,2360.81
2017-06-26,2401.06
2017-06-27,2382.25
2017-06-28,2393.43
2017-06-29,2400.42
2017-06-30,2426.96
2017-07-03,2440.69
2017-07-04,2439.55
2017-07-05,2437.5
2017-07-06,2413.55
2017-07-07,2408.31
2017-07-10,2434.08
2017-07-11,2462.88
2017-07-12,2501.63
2017-07-13,2516.2
2017-07-14,2526.69
2017-07-17,2519.28
2017-07-18,2523.47
2017-07-19,2516.73
2017-07-20,2509.55
2017-07-21,2501.39
2017-07-24,2516.19
2017-07-25,2536.25
2017-07-26,2512.15
2017-07-27,2522.53
2017-07-28,2529.78
2017-07-31,2545.39
2017-08-01,2567.09
2017-08-02,2590.03
2017-08-03,2578.09
2017-08-04,2582.52
2017-08-07,2619.59
2017-08-08,2617.48
2017-08-09,2608.88
2017-08-10,2582.79
2017-08-11,2597.19
2017-08-14,2631.75
2017-08-15,2634.69
2017-08-16,2643.67
2017-08-17,2620.69
2017-08-18,2647.73
2017-08-21,2645.15
2017-08-22,2695.89
2017-08-23,2713.35
2017-08-24,2738.93
2017-08-25,2736.85
2017-08-28,2736.92
2017-08-29,2746.77
2017-08-30,2732.29
2017-08-31,2732.07
2017-09-01,2770.96
2017-09-04,2780.5
2017-09-05,2782.58
2017-09-06,2828.56
2017-09-08,2819.32
2017-09-11,2865.07
2017-09-12,2870.51
2017-09-13,2882.77
2017-09-14,2880.92
2017-09-15,2922.4
2017-09-18,2930.67
2017-09-19,2929.87
2017-09-20,2930.57
2017-09-21,2914.85
2017-09-22,2907.94
2017-09-25,2869.25
2017-09-26,2863.8
2017-09-27,2842.01
2017-09-28,2832.7
2017-09-29,2862.97
2017-10-02,2865.09
2017-10-03,2952.33
2017-10-04,2947.43
2017-10-05,2949.46
2017-10-06,2930.17
2017-10-09,2917.9
2017-10-10,2961.49
2017-10-11,2952.3
2017-10-13,2961.45
2017-10-16,2954.95
2017-10-17,2927.86
2017-10-18,2946.93
2017-10-19,2936.16
2017-10-20,2941.86
2017-10-23,2904.74
2017-10-24,2938.6
2017-10-25,2948.93
2017-10-26,2920.26
2017-10-27,2922.95
2017-10-30,2877.05
2017-10-31,2858.28
2017-11-01,2841.54
2017-11-03,2840.34
2017-11-06,2852.73
2017-11-07,2780.89
2017-11-08,2852.18
2017-11-09,2798.1
2017-11-10,2767.3
2017-11-13,2780.17
2017-11-14,2722.61
2017-11-16,2786.15
2017-11-17,2820.94
2017-11-21,2865.64
2017-11-22,2862.38
2017-11-23,2859.85
2017-11-24,2848.36
2017-11-27,2843.53
2017-11-28,2845.99
2017-11-29,2793.13
2017-11-30,2762.66
2017-12-01,2773.5
2017-12-04,2803.03
2017-12-05,2783.77
2017-12-06,2808.76
2017-12-07,2782.37
2017-12-08,2794.36
2017-12-11,2795.92
2017-12-12,2831.59
2017-12-13,2800.56
2017-12-14,2781.87
2017-12-15,2790.61
2017-12-18,2808.11
2017-12-19,2791.76
2017-12-20,2817.55
2017-12-21,2882.0
2017-12-22,2884.63
2017-12-26,2904.43
2017-12-27,2920.3
2017-12-28,2936.02
2018-01-02,2989.55
2018-01-03,2993.32
2018-01-04,3016.45
2018-01-05,3032.28
2018-01-08,3040.27
2018-01-09,3021.63
2018-01-10,2997.38
2018-01-11,3039.27
2018-01-12,3037.75
2018-01-15,3054.17
2018-01-16,3058.52
2018-01-17,3106.81
2018-01-18,3099.06
2018-01-19,3109.34
2018-01-22,3126.7
2018-01-23,3090.29
2018-01-24,3200.73
2018-01-26,3270.72
2018-01-29,3239.89
2018-01-30,3230.91
2018-01-31,3249.27
2018-02-01,3272.0
2018-02-02,3218.05
2018-02-05,3137.81
2018-02-06,3209.5
2018-02-07,3170.1
2018-02-08,3123.56
2018-02-09,3097.73
2018-02-14,3195.82
2018-02-15,3221.8
2018-02-16,3229.85
2018-02-19,3241.23
2018-02-20,3277.76
2018-02-21,3288.23
2018-02-22,3311.57
2018-02-23,3334.31
2018-02-26,3346.11
2018-02-27,3321.46
2018-02-28,3264.23
2018-03-01,3265.39
2018-03-02,3278.98
2018-03-05,3289.52
2018-03-06,3276.01
2018-03-07,3269.39
2018-03-08,3253.02
2018-03-09,3305.3
2018-03-12,3327.4
2018-03-13,3309.57
2018-03-14,3295.18
2018-03-15,3256.1
2018-03-16,3253.97
2018-03-19,3220.15
2018-03-20,3228.86
2018-03-21,3256.58
2018-03-22,3250.93
2018-03-23,3236.29
2018-03-26,3261.74
2018-03-27,3214.2
2018-03-28,3215.12
2018-03-29,3270.91
2018-04-02,3240.88
2018-04-03,3239.58
2018-04-04,3228.71
2018-04-05,3259.83
2018-04-06,3248.05
2018-04-09,3192.59
2018-04-10,3233.24
2018-04-11,3257.75
2018-04-12,3266.4
2018-04-13,3225.81
2018-04-16,3170.14
2018-04-17,3218.1
2018-04-18,3281.32
2018-04-19,3283.78
2018-04-20,3276.87
2018-04-23,3279.12
2018-04-24,3270.62
2018-04-25,3256.39
2018-04-26,3304.23
2018-04-27,3306.61
2018-04-30,3294.84
2018-05-02,3236.2
2018-05-03,3186.84
2018-05-04,3177.92
2018-05-07,3163.65
2018-05-08,3172.46
2018-05-09,3219.32
2018-05-10,3278.19
2018-05-11,3253.79
2018-05-14,3248.3
2018-05-15,3241.08
2018-05-16,3292.61
2018-05-17,3182.61
2018-05-18,3161.7
2018-05-21,3118.89
2018-05-22,3157.51
2018-05-23,3088.06
2018-05-24,3060.16
2018-05-25,3016.24
2018-05-28,2880.41
2018-05-29,2909.15
2018-05-30,2936.89
2018-06-01,2957.76
2018-06-04,3010.59
2018-06-05,2937.16
2018-06-06,2913.21
2018-06-07,2826.71
2018-06-08,2796.78
2018-06-11,2772.29
2018-06-12,2787.38
2018-06-13,2764.6
2018-06-14,2738.31
2018-06-15,2713.23
2018-06-18,2677.17
2018-06-19,2736.66
2018-06-20,2763.82
2018-06-21,2687.69
2018-06-22,2709.6
2018-06-25,2721.16
2018-06-26,2738.93
2018-06-27,2709.1
2018-06-28,2749.14
2018-06-29,2785.41
2018-07-02,2786.5
2018-07-03,2817.58
2018-07-04,2857.5
2018-07-05,2849.99
2018-07-06,2867.62
2018-07-10,2864.5
2018-07-11,2847.72
2018-07-12,2901.24
2018-07-13,2930.46
2018-07-16,2934.33
2018-07-17,2988.77
2018-07-18,2961.39
2018-07-19,2965.77
2018-07-20,3009.52
2018-07-23,2989.07
2018-07-24,3030.26
2018-07-25,3069.29
2018-07-26,3037.9
2018-07-27,3052.38
2018-07-30,3066.03
2018-07-31,3027.38
2018-08-01,3032.52
2018-08-02,3044.43
2018-08-03,3109.85
2018-08-06,3096.76
2018-08-07,3071.21
2018-08-08,3027.67
2018-08-09,3012.44
2018-08-10,2927.72
2018-08-13,2962.88
2018-08-14,3007.57
2018-08-15,2952.29
2018-08-16,2944.38
2018-08-17,2915.03
2018-08-20,2926.44
2018-08-21,2881.27
2018-08-22,2942.89
2018-08-23,2894.05
2018-08-24,2916.17
2018-08-27,2979.0
2018-08-28,2963.29
2018-08-29,2996.81
2018-08-30,2923.82
2018-08-31,2935.66
2018-09-03,2916.2
2018-09-04,2860.24
2018-09-05,2875.6
2018-09-06,2923.05
2018-09-10,2925.52
2018-09-11,2859.51
2018-09-12,2873.7
2018-09-13,2855.3
2018-09-14,2880.53
2018-09-17,2930.16
2018-09-18,2983.08
2018-09-19,2977.99
2018-09-20,2974.92
2018-09-21,3024.25
2018-09-24,2971.0
2018-09-25,2992.44
2018-09-26,2993.98
2018-09-27,3043.34
2018-09-28,3020.16
2018-10-01,2991.46
2018-10-02,3100.46
2018-10-03,3163.17
2018-10-04,3153.16
2018-10-05,3131.25
2018-10-08,3271.34
2018-10-09,3271.39
2018-10-10,3182.64
2018-10-11,3157.12
2018-10-15,3171.56
2018-10-16,3258.98
2018-10-17,3262.41
2018-10-18,3197.72
2018-10-19,3214.21
2018-10-22,3263.62
2018-10-23,3254.23
2018-10-24,3174.47
2018-10-25,3212.55
2018-10-26,3270.47
2018-10-29,3201.26
2018-10-30,3315.88
2018-10-31,3335.51
2018-11-01,3375.21
2018-11-05,3419.66
2018-11-06,3385.93
2018-11-07,3353.04
2018-11-08,3276.71
2018-11-09,3279.78
2018-11-12,3277.65
2018-11-13,3258.34
2018-11-14,3296.95
2018-11-16,3390.94
2018-11-19,3367.89
2018-11-21,3345.62
2018-11-22,3356.05
2018-11-23,3311.66
2018-11-26,3285.7
2018-11-27,3371.22
2018-11-28,3423.0
2018-11-29,3439.47
2018-11-30,3431.45
2018-12-03,3443.7
2018-12-04,3402.15
2018-12-05,3418.54
2018-12-06,3412.77
2018-12-07,3385.63
2018-12-10,3305.74
2018-12-11,3327.63
2018-12-12,3350.02
2018-12-13,3379.94
2018-12-14,3366.74
2018-12-17,3325.72
2018-12-18,3337.38
2018-12-19,3303.7
2018-12-20,3293.22
2018-12-21,3307.9
2018-12-26,3288.2
2018-12-27,3302.68
2018-12-28,3392.92
2019-01-02,3508.47
2019-01-03,3529.65
2019-01-04,3537.19
2019-01-07,3530.46
2019-01-08,3541.11
2019-01-09,3599.48
2019-01-10,3608.52
2019-01-11,3605.19
2019-01-14,3637.76
2019-01-15,3623.3
2019-01-16,3635.44
2019-01-17,3671.04
2019-01-18,3697.27
2019-01-21,3694.44
2019-01-22,3662.73
2019-01-23,3715.89
2019-01-24,3759.61
2019-01-28,3685.25
2019-01-29,3690.07
2019-01-30,3739.52
2019-01-31,3755.47
2019-02-01,3772.71
2019-02-04,3801.76
2019-02-05,3789.51
2019-02-06,3655.33
2019-02-07,3644.11
2019-02-08,3681.22
2019-02-11,3646.64
2019-02-12,3710.83
2019-02-13,3698.06
2019-02-14,3777.23
2019-02-15,3760.33
2019-02-18,3727.68
2019-02-19,3767.78
2019-02-20,3725.24
2019-02-21,3738.23
2019-02-22,3772.62
2019-02-25,3752.65
2019-02-26,3764.53
2019-02-27,3753.82
2019-02-28,3692.7
2019-03-01,3658.93
2019-03-06,3642.73
2019-03-07,3644.69
2019-03-08,3686.07
2019-03-11,3782.65
2019-03-12,3776.95
2019-03-13,3814.47
2019-03-14,3804.31
2019-03-15,3823.52
2019-03-18,3855.67
2019-03-19,3842.6
2019-03-20,3784.53
2019-03-21,3734.8
2019-03-22,3625.23
2019-03-25,3623.82
2019-03-26,3684.95
2019-03-27,3555.55
2019-03-28,3646.05
2019-03-29,3688.18
2019-04-01,3712.27
2019-04-02,3687.95
2019-04-03,3658.18
2019-04-04,3722.21
2019-04-05,3752.64
2019-04-08,3759.4
2019-04-09,3718.65
2019-04-10,3707.11
2019-04-11,3663.96
2019-04-12,3596.71
2019-04-15,3603.81
2019-04-16,3647.69
2019-04-17,3607.61
2019-04-18,3653.3
2019-04-22,3656.8
2019-04-23,3707.58
2019-04-24,3677.31
2019-04-25,3732.79
2019-04-26,3721.01
2019-04-29,3719.21
2019-04-30,3727.9
2019-05-02,3701.79
2019-05-03,3716.78
2019-05-06,3682.01
2019-05-07,3660.18
2019-05-08,3705.58
2019-05-09,3678.29
2019-05-10,3657.89
2019-05-13,3563.46
2019-05-14,3576.46
2019-05-15,3557.18
2019-05-16,3497.21
2019-05-17,3493.98
2019-05-20,3568.14
2019-05-21,3665.51
2019-05-22,3662.02
2019-05-23,3644.26
2019-05-24,3631.97
2019-05-27,3676.81
2019-05-28,3736.47
2019-05-29,3745.83
2019-05-30,3781.68
2019-05-31,3771.16
2019-06-03,3771.4
2019-06-04,3785.25
2019-06-05,3736.29
2019-06-06,3779.87
2019-06-07,3804.62
2019-06-10,3790.18
2019-06-11,3842.21
2019-06-12,3818.14
2019-06-13,3838.44
2019-06-14,3810.85
2019-06-17,3798.44
2019-06-18,3863.78
2019-06-19,3898.36
2019-06-21,3958.93
2019-06-24,3962.23
2019-06-25,3888.93
2019-06-26,3909.79
2019-06-27,3914.57
2019-06-28,3929.28
2019-07-01,3940.14
2019-07-02,3915.0
2019-07-03,3968.95
2019-07-04,4031.18
2019-07-05,4052.63
2019-07-08,4075.88
2019-07-10,4125.76
2019-07-11,4102.71
2019-07-12,4054.57
2019-07-15,4047.99
2019-07-16,4047.77
2019-07-17,4052.88
2019-07-18,4086.32
2019-07-19,4039.13
2019-07-22,4055.83
2019-07-23,4047.25
2019-07-24,4059.67
2019-07-25,4004.4
2019-07-26,4010.13
2019-07-29,4036.26
2019-07-30,4021.9
2019-07-31,3982.98
2019-08-01,3998.02
2019-08-02,4017.03
2019-08-05,3921.65
2019-08-06,4003.34
2019-08-07,4029.6
2019-08-08,4085.06
2019-08-09,4083.98
2019-08-12,4005.99
2019-08-13,4055.83
2019-08-14,3944.15
2019-08-15,3892.51
2019-08-16,3922.0
2019-08-19,3908.94
2019-08-20,3901.02
2019-08-21,3975.73
2019-08-22,3934.51
2019-08-23,3842.89
2019-08-26,3790.39
2019-08-27,3825.69
2019-08-28,3861.13
2019-08-29,3950.42
2019-08-30,3984.78
2019-09-02,3967.46
2019-09-03,3928.2
2019-09-04,3980.16
2019-09-05,4018.44
2019-09-06,4039.28
2019-09-09,4036.8
2019-09-10,4031.0
2019-09-11,4058.1
2019-09-12,4088.83
2019-09-13,4055.72
2019-09-16,4059.67
2019-09-17,4097.92
2019-09-18,4098.06
2019-09-19,4096.15
2019-09-20,4111.38
2019-09-23,4101.91
2019-09-24,4074.28
2019-09-25,4092.37
2019-09-26,4124.85
2019-09-27,4116.25
2019-09-30,4108.08
2019-10-01,4080.49
2019-10-02,3968.22
2019-10-03,3986.89
2019-10-04,4025.88
2019-10-07,3949.38
2019-10-08,3925.68
2019-10-09,3975.57
2019-10-10,3993.23
2019-10-11,4070.53
2019-10-14,4089.85
2019-10-15,4091.76
2019-10-16,4127.0
2019-10-17,4115.38
2019-10-18,4108.51
2019-10-21,4155.31
2019-10-22,4202.12
2019-10-23,4207.01
2019-10-24,4187.95
2019-10-25,4198.21
2019-10-28,4228.82
2019-10-29,4208.33
2019-10-30,4242.97
2019-10-31,4201.15
2019-11-01,4240.93
2019-11-04,4259.97
2019-11-05,4251.39
2019-11-06,4244.42
2019-11-07,4289.19
2019-11-08,4217.44
2019-11-11,4246.56
2019-11-12,4184.45
2019-11-13,4157.77
2019-11-14,4181.78
2019-11-18,4171.19
2019-11-19,4156.22
2019-11-21,4220.02
2019-11-22,4264.13
2019-11-25,4254.89
2019-11-26,4203.48
2019-11-27,4228.09
2019-11-28,4253.12
2019-11-29,4253.45
2019-12-02,4274.79
2019-12-03,4276.3
2019-12-04,4327.35
2019-12-05,4341.75
2019-12-06,4363.87
2019-12-09,4358.92
2019-12-10,4347.77
2019-12-11,4364.66
2019-12-12,4409.44
2019-12-13,4428.79
2019-12-16,4410.4
2019-12-17,4434.47
2019-12-18,4500.02
2019-12-19,4534.01
2019-12-20,4535.21
2019-12-23,4569.04
2019-12-26,4623.95
2019-12-27,4601.55
2019-12-30,4573.24
2020-01-02,4684.03
2020-01-03,4660.14
2020-01-06,4631.5
2020-01-07,4623.72
2020-01-08,4606.49
2020-01-09,4597.77
2020-01-10,4585.76
2020-01-13,4655.84
2020-01-14,4671.2
2020-01-15,4628.15
2020-01-16,4640.58
2020-01-17,4704.85
2020-01-20,4723.32
2020-01-21,4657.56
2020-01-22,4707.61
2020-01-23,4752.7
2020-01-24,4708.69
2020-01-27,4558.44
2020-01-28,4637.06
2020-01-29,4595.33
2020-01-30,4592.92
2020-01-31,4522.45
2020-02-03,4561.73
2020-02-04,4599.96
2020-02-05,4619.13
2020-02-06,4581.82
2020-02-07,4521.93
2020-02-10,4465.44
2020-02-11,4579.6
2020-02-12,4632.23
2020-02-13,4595.63
2020-02-14,4548.62
2020-02-17,4587.35
2020-02-18,4576.3
2020-02-19,4637.04
2020-02-20,4563.54
2020-02-21,4532.88
2020-02-26,4219.99
2020-02-27,4109.1
2020-02-28,4152.7
2020-03-02,4257.25
2020-03-03,4215.51
2020-03-04,4287.67
2020-03-05,4083.52
2020-03-06,3914.01
2020-03-09,3441.76
2020-03-10,3682.03
2020-03-11,3408.26
2020-03-12,2900.63
2020-03-13,3293.98
2020-03-16,2842.75
2020-03-17,2971.91
2020-03-18,2650.83
2020-03-19,2717.03
2020-03-20,2667.99
2020-03-23,2525.8
2020-03-24,2757.68
2020-03-25,2964.31
2020-03-26,3085.17
2020-03-27,2921.12
2020-03-30,2962.86
2020-03-31,2894.97
2020-04-01,2808.5
2020-04-02,2856.35
2020-04-03,2751.67
2020-04-06,2925.27
2020-04-07,3016.75
2020-04-08,3105.7
2020-04-09,3075.2
2020-04-13,3115.01
2020-04-14,3163.01
2020-04-15,3124.01
2020-04-16,3085.69
2020-04-17,3129.06
2020-04-20,3134.03
2020-04-22,3206.63
2020-04-23,3165.28
2020-04-24,2988.6
2020-04-27,3102.76
2020-04-28,3225.71
2020-04-29,3296.82
2020-04-30,3188.71
2020-05-04,3124.11
2020-05-05,3146.66
2020-05-06,3128.22
2020-05-07,3083.27
2020-05-08,3162.56
2020-05-11,3117.13
2020-05-12,3067.53
2020-05-13,3059.03
2020-05-14,3108.76
2020-05-15,3056.08
2020-05-18,3200.86
2020-05-19,3184.16
2020-05-20,3206.04
2020-05-21,3277.75
2020-05-22,3244.08
2020-05-25,3381.92
2020-05-26,3377.85
2020-05-27,3478.67
2020-05-28,3439.94
2020-05-29,3452.96
2020-06-01,3503.51
2020-06-02,3599.73
2020-06-03,3682.21
2020-06-04,3712.84
2020-06-05,3745.64
2020-06-08,3865.72
2020-06-09,3830.39
2020-06-10,3745.54
2020-06-12,3671.2
2020-06-15,3655.63
2020-06-16,3696.84
2020-06-17,3778.87
2020-06-18,3801.43
2020-06-19,3822.67
2020-06-22,3781.99
2020-06-23,3804.75
2020-06-24,3740.95
2020-06-25,3802.29
2020-06-26,3716.49
2020-06-29,3791.49
2020-06-30,3769.08
2020-07-01,3818.4
2020-07-02,3819.05
2020-07-03,3843.21
2020-07-06,3926.51
2020-07-07,3881.4
2020-07-08,3958.44
2020-07-09,3936.42
2020-07-10,3970.17
2020-07-13,3919.19
2020-07-14,3982.3
2020-07-15,4034.38
2020-07-16,3988.14
2020-07-17,4075.91
2020-07-20,4136.74
2020-07-21,4133.03
2020-07-22,4133.19
2020-07-23,4054.63
2020-07-24,4053.93
2020-07-27,4131.82
2020-07-28,4115.44
2020-07-29,4173.29
2020-07-30,4157.41
2020-07-31,4080.94
2020-08-03,4073.91
2020-08-04,4009.12
2020-08-05,4071.37
2020-08-06,4127.16
2020-08-07,4077.18
2020-08-10,4096.97
2020-08-11,4054.74
2020-08-12,4045.89
2020-08-13,3984.55
2020-08-14,4018.18
2020-08-17,3941.17
2020-08-18,4041.5
2020-08-19,3995.21
2020-08-20,4020.41
2020-08-21,4026.56
2020-08-24,4052.74
2020-08-25,4050.67
2020-08-26,3991.54
2020-08-27,3992.03
2020-08-28,4050.97
2020-08-31,3943.52
2020-09-01,4050.97
2020-09-02,4045.51
2020-09-03,3997.07
2020-09-04,4016.27
2020-09-08,3973.9
2020-09-09,4019.79
2020-09-10,3922.28
2020-09-11,3899.0
2020-09-14,3978.1
2020-09-15,3977.12
2020-09-16,3954.62
2020-09-17,3968.71
2020-09-18,3898.9
2020-09-21,3847.91
2020-09-22,3861.65
2020-09-23,3802.5
2020-09-24,3852.11
2020-09-25,3850.03
2020-09-28,3758.78
2020-09-29,3714.9
2020-09-30,3755.54
2020-10-01,3794.17
2020-10-02,3738.73
2020-10-05,3815.67
2020-10-06,3798.22
2020-10-07,3795.19
2020-10-08,3886.51
2020-10-09,3874.55
2020-10-13,3911.12
2020-10-14,3945.85
2020-10-15,3937.83
2020-10-16,3909.98
2020-10-19,3922.65
2020-10-20,3995.66
2020-10-21,3996.38
2020-10-22,4045.86
2020-10-23,4022.62
2020-10-26,4012.85
2020-10-27,3960.35
2020-10-28,3793.25
2020-10-29,3839.01
2020-10-30,3733.61
2020-11-03,3813.54
2020-11-04,3896.11
2020-11-05,4010.37
2020-11-06,4021.88
2020-11-09,4111.51
2020-11-10,4163.93
2020-11-11,4150.71
2020-11-12,4061.54
2020-11-13,4152.27
2020-11-16,4215.3
2020-11-17,4244.26
2020-11-18,4202.83
2020-11-19,4223.8
2020-11-20,4200.39
2020-11-23,4249.83
2020-11-24,4340.26
2020-11-25,4358.78
2020-11-26,4363.99
2020-11-27,4376.98
2020-11-30,4310.75
2020-12-01,4404.78
2020-12-02,4425.38
2020-12-03,4441.36
2020-12-04,4495.0
2020-12-07,4487.18
2020-12-08,4494.67
2020-12-09,4463.52
2020-12-10,4543.54
2020-12-11,4548.0
2020-12-14,4530.23
2020-12-15,4589.05
2020-12-16,4655.05
2020-12-17,4674.31
2020-12-18,4660.13
2020-12-21,4575.73
2020-12-22,4604.06
2020-12-23,4652.21
2020-12-28,4706.22
2020-12-29,4717.46
2020-12-30,4705.35
2021-01-04,4712.75
2021-01-05,4734.34
2021-01-06,4729.24
2021-01-07,4866.25
2021-01-08,4971.06
2021-01-11,4909.65
2021-01-12,4928.21
2021-01-13,4847.07
2021-01-14,4912.81
2021-01-15,4787.85
2021-01-18,4821.75
2021-01-19,4799.76
2021-01-20,4758.3
2021-01-21,4712.49
2021-01-22,4675.76
2021-01-26,4639.01
2021-01-27,4603.89
2021-01-28,4722.35
2021-01-29,4575.3
2021-02-01,4676.44
2021-02-02,4694.69
2021-02-03,4762.63
2021-02-04,4742.29
2021-02-05,4789.67
2021-02-08,4779.99
2021-02-09,4769.65
2021-02-10,4726.36
2021-02-11,4751.66
2021-02-12,4759.38
2021-02-17,4797.8
2021-02-18,4761.37
2021-02-19,4741.21
2021-02-22,4529.33
2021-02-23,4623.41
2021-02-24,4643.62
2021-02-25,4509.91
2021-02-26,4424.78
2021-03-01,4451.09
2021-03-02,4503.39
2021-03-03,4484.78
2021-03-04,4530.61
2021-03-05,4638.64
2021-03-08,4460.81
2021-03-09,4479.06
2021-03-10,4528.09
2021-03-11,4622.89
2021-03-12,4584.37
2021-03-15,4613.09
2021-03-16,4582.42
2021-03-17,4680.89
2021-03-18,4607.73
2021-03-19,4657.9
2021-03-22,4611.01
2021-03-23,4546.58
2021-03-24,4506.27
2021-03-25,4563.5
2021-03-26,4610.17
2021-03-29,4638.37
2021-03-30,4691.01
2021-03-31,4688.03
2021-04-01,4640.46
2021-04-05,4742.76
2021-04-06,4744.36
2021-04-07,4759.41
2021-04-08,4784.39
2021-04-09,4757.33
2021-04-12,4803.06
2021-04-13,4818.94
2021-04-14,4866.23
2021-04-15,4887.29
2021-04-16,4908.46
2021-04-19,4899.51
2021-04-20,4863.12
2021-04-22,4839.01
2021-04-23,4891.43
2021-04-26,4895.49
2021-04-27,4862.23
2021-04-28,4929.27
2021-04-29,4899.47
2021-04-30,4847.02
2021-05-03,4852.22
2021-05-04,4805.89
2021-05-05,4875.26
2021-05-06,4904.93
2021-05-07,4980.43
2021-05-10,4970.02
2021-05-11,5019.67
2021-05-12,4882.64
2021-05-13,4912.35
2021-05-14,4947.97
2021-05-17,5002.68
2021-05-18,5004.12
2021-05-19,4980.04
2021-05-20,4984.64
2021-05-21,4972.22
2021-05-24,5029.28
2021-05-25,4982.56
2021-05-26,5029.54
2021-05-27,5046.25
2021-05-28,5089.99
2021-05-31,5128.56
2021-06-01,5188.41
2021-06-02,5242.16
2021-06-04,5254.19
2021-06-07,5266.14
2021-06-08,5226.2
2021-06-09,5241.2
2021-06-10,5248.64
2021-06-11,5233.38
2021-06-14,5261.23
2021-06-15,5245.91
2021-06-16,5205.83
2021-06-17,5156.4
2021-06-18,5181.42
2021-06-21,5217.81
2021-06-22,5210.49
2021-06-23,5206.81
2021-06-24,5241.42
2021-06-25,5170.0
2021-06-28,5172.12
2021-06-29,5177.61
2021-06-30,5165.14
2021-07-01,5114.98
2021-07-02,5199.1
2021-07-05,5173.04
2021-07-06,5108.44
2021-07-07,5176.55
2021-07-08,5117.8
2021-07-12,5199.07
2021-07-13,5221.43
2021-07-14,5231.58
2021-07-15,5199.85
2021-07-16,5139.4
2021-07-19,5075.25
2021-07-20,5113.96
2021-07-21,5136.58
2021-07-22,5152.97
2021-07-23,5109.91
2021-07-26,5145.12
2021-07-27,5082.02
2021-07-28,5153.08
2021-07-29,5128.32
2021-07-30,4961.98
2021-08-02,4994.68
2021-08-03,5048.37
2021-08-04,4984.64
2021-08-05,4960.2
2021-08-06,5002.16
2021-08-09,5008.72
2021-08-10,4984.03
2021-08-11,4974.11
2021-08-12,4928.71
2021-08-13,4936.83
2021-08-16,4858.34
2021-08-17,4803.36
2021-08-18,4748.91
2021-08-19,4748.21
2021-08-20,4788.25
2021-08-23,4761.68
2021-08-24,4874.37
2021-08-25,4893.31
2021-08-26,4812.27
2021-08-27,4896.03
2021-08-30,4856.39
2021-08-31,4804.55
2021-09-01,4824.49
2021-09-02,4729.37
2021-09-03,4732.0
2021-09-06,4765.56
2021-09-08,4588.54
2021-09-09,4659.31
2021-09-10,4622.36
2021-09-13,4704.6
2021-09-14,4694.79
2021-09-15,4647.06
2021-09-16,4590.79
2021-09-17,4500.98
2021-09-20,4392.2
2021-09-21,4450.9
2021-09-22,4535.0
2021-09-23,4600.2
2021-09-24,4568.87
2021-09-27,4580.92
2021-09-28,4437.79
2021-09-29,4475.17
2021-09-30,4474.2
2021-10-01,4547.84
2021-10-04,4448.15
2021-10-05,4443.92
2021-10-06,4451.34
2021-10-07,4456.59
2021-10-08,4545.92
2021-10-11,4525.78
2021-10-13,4568.88
2021-10-14,4559.02
2021-10-15,4619.49
2021-10-18,4611.75
2021-10-19,4464.02
2021-10-20,4459.21
2021-10-21,4334.01
2021-10-22,4278.66
2021-10-25,4377.8
2021-10-26,4282.85
2021-10-27,4276.21
2021-10-28,4242.11
2021-10-29,4151.71
2021-11-01,4233.5
2021-11-03,4229.68
2021-11-04,4139.64
2021-11-05,4186.76
2021-11-08,4195.04
2021-11-09,4219.78
2021-11-10,4238.46
2021-11-11,4308.96
2021-11-12,4259.44
2021-11-16,4175.19
2021-11-17,4114.35
2021-11-18,4088.68
2021-11-19,4119.29
2021-11-22,4092.08
2021-11-23,4149.11
2021-11-24,4183.77
2021-11-25,4233.67
2021-11-26,4093.29
2021-11-29,4115.67
2021-11-30,4079.71
2021-12-01,4032.22
2021-12-02,4177.62
2021-12-03,4202.26
2021-12-06,4279.13
2021-12-07,4306.43
2021-12-08,4331.65
2021-12-09,4262.59
2021-12-10,4320.87
2021-12-13,4311.75
2021-12-14,4281.45
2021-12-15,4305.15
2021-12-16,4343.12
2021-12-17,4303.16
2021-12-20,4217.37
2021-12-21,4239.83
2021-12-22,4226.2
2021-12-23,4210.69
2021-12-27,4239.26
2021-12-28,4212.13
2021-12-29,4183.8
2021-12-30,4216.07
2022-01-03,4175.57
2022-01-04,4150.43
2022-01-05,4045.92
2022-01-06,4065.69
2022-01-07,4117.93
2022-01-10,4082.82
2022-01-11,4158.43
2022-01-12,4238.04
2022-01-13,4229.08
2022-01-14,4280.84
2022-01-17,4257.31
2022-01-18,4265.64
2022-01-19,4322.2
2022-01-20,4368.92
2022-01-21,4359.86
2022-01-24,4318.16
2022-01-25,4408.18
2022-01-26,4453.03
2022-01-27,4502.18
2022-01-28,4476.52
2022-01-31,4489.06
2022-02-01,4537.71
2022-02-02,4489.04
2022-02-03,4478.63
2022-02-04,4498.73
2022-02-07,4491.55
2022-02-08,4500.43
2022-02-09,4511.31
2022-02-10,4548.89
2022-02-11,4550.55
2022-02-14,4562.04
2022-02-15,4595.01
2022-02-16,4610.08
2022-02-17,4539.39
2022-02-18,4513.4
2022-02-21,4464.87
2022-02-22,4512.73
2022-02-23,4484.17
2022-02-24,4467.84
2022-02-25,4531.28
2022-03-02,4619.49
2022-03-03,4620.45
2022-03-04,4593.74
2022-03-07,4481.37
2022-03-08,4463.84
2022-03-09,4564.71
2022-03-10,4563.32
2022-03-11,4483.81
2022-03-14,4406.23
2022-03-15,4369.63
2022-03-16,4452.09
2022-03-17,4531.38
2022-03-18,4623.66
2022-03-21,4659.17
2022-03-22,4700.85
2022-03-23,4711.72
2022-03-24,4776.98
2022-03-25,4779.73
2022-03-28,4764.09
2022-03-29,4814.61
2022-03-30,4820.21
2022-03-31,4808.33
2022-04-01,4871.18
2022-04-04,4862.49
2022-04-05,4765.52
2022-04-06,4738.95
2022-04-07,4764.41
2022-04-08,4739.51
2022-04-11,4682.94
2022-04-12,4652.81
2022-04-13,4678.61
2022-04-14,4652.95
2022-04-18,4632.52
2022-04-19,4607.24
2022-04-20,4577.55
2022-04-22,4442.3
2022-04-25,4430.17
2022-04-26,4339.88
2022-04-27,4389.11
2022-04-28,4417.26
2022-04-29,4335.38
2022-05-02,4282.32
2022-05-03,4276.13
2022-05-04,4348.3
2022-05-05,4226.5
2022-05-06,4215.41
2022-05-09,4131.67
2022-05-10,4129.83
2022-05-11,4182.02
2022-05-12,4231.97
2022-05-13,4281.37
2022-05-16,4335.1
2022-05-17,4359.24
2022-05-18,4259.35
2022-05-19,4292.46
2022-05-20,4348.16
2022-05-23,4421.87
2022-05-24,4430.25
2022-05-25,4434.18
2022-05-26,4481.68
2022-05-27,4485.21
2022-05-30,4451.92
2022-05-31,4460.52
2022-06-01,4464.89
2022-06-02,4506.31
2022-06-03,4454.71
2022-06-06,4413.73
2022-06-07,4407.71
2022-06-08,4340.27
2022-06-09,4288.84
2022-06-10,4223.84
2022-06-13,4105.56
2022-06-14,4083.73
2022-06-15,4116.39
2022-06-17,3997.28
2022-06-20,3991.93
2022-06-21,3985.73
2022-06-22,3976.32
2022-06-23,3921.01
2022-06-24,3944.51
2022-06-27,4027.58
2022-06-28,4021.94
2022-06-29,3983.33
2022-06-30,3936.54
2022-07-01,3950.99
2022-07-04,3936.23
2022-07-05,3921.37
2022-07-06,3939.9
2022-07-07,4020.47
2022-07-08,4002.17
2022-07-11,3918.37
2022-07-12,3920.02
2022-07-13,3906.74
2022-07-14,3832.4
2022-07-15,3849.92
2022-07-18,3863.13
2022-07-19,3914.03
2022-07-20,3920.9
2022-07-21,3950.02
2022-07-22,3946.8
2022-07-25,3998.81
2022-07-26,3977.98
2022-07-27,4046.17
2022-07-28,4093.22
2022-07-29,4115.06
2022-08-01,4079.69
2022-08-02,4124.93
2022-08-03,4141.71
2022-08-04,4227.48
2022-08-05,4252.13
2022-08-08,4327.89
2022-08-09,4335.6
2022-08-10,4400.48
2022-08-11,4379.83
2022-08-12,4500.05
2022-08-15,4514.01
2022-08-16,4532.15
2022-08-17,4539.88
2022-08-18,4538.37
2022-08-19,4445.95
2022-08-22,4407.78
2022-08-23,4504.66
2022-08-24,4507.18
2022-08-25,4532.47
2022-08-26,4484.92
2022-08-29,4487.95
2022-08-30,4409.72
2022-08-31,4379.79
2022-09-01,4415.8
2022-09-02,4429.48
2022-09-05,4480.4
2022-09-06,4382.41
2022-09-08,4388.61
2022-09-09,4477.46
2022-09-12,4517.5
2022-09-13,4414.58
2022-09-14,4407.99
2022-09-15,4384.51
2022-09-16,4357.45
2022-09-19,4453.61
2022-09-20,4476.45
2022-09-21,4455.36
2022-09-22,4539.69
2022-09-23,4447.3
2022-09-26,4340.59
2022-09-27,4310.11
2022-09-28,4313.09
2022-09-29,4281.9
2022-09-30,4373.01
2022-10-03,4616.56
2022-10-04,4615.78
2022-10-05,4652.15
2022-10-06,4671.94
2022-10-07,4625.57
2022-10-10,4609.54
2022-10-11,4565.17
2022-10-13,4548.22
2022-10-14,4461.47
2022-10-17,4521.95
2022-10-18,4604.59
2022-10-19,4626.23
2022-10-20,4658.29
2022-10-21,4767.26
2022-10-24,4616.74
2022-10-25,4561.85
2022-10-26,4483.75
2022-10-27,4562.15
2022-10-28,4560.67
2022-10-31,4621.79
2022-11-01,4657.52
2022-11-03,4663.57
2022-11-04,4708.53
2022-11-07,4589.65
2022-11-08,4620.13
2022-11-09,4521.55
2022-11-10,4359.39
2022-11-11,4447.91
2022-11-14,4486.4
2022-11-16,4366.97
2022-11-17,4342.15
2022-11-18,4311.31
2022-11-21,4353.16
2022-11-22,4321.46
2022-11-23,4311.43
2022-11-24,4432.9
2022-11-25,4319.19
2022-11-28,4310.68
2022-11-29,4396.15
2022-11-30,4456.36
2022-12-01,4394.25
2022-12-02,4432.14
2022-12-05,4330.08
2022-12-06,4358.21
2022-12-07,4318.49
2022-12-08,4242.71
2022-12-09,4247.71
2022-12-12,4161.67
2022-12-13,4090.06
2022-12-14,4094.09
2022-12-15,4095.97
2022-12-16,4060.65
2022-12-19,4136.34
2022-12-20,4224.48
2022-12-21,4248.11
2022-12-22,4254.97
2022-12-23,4343.86
2022-12-26,4306.41
2022-12-27,4294.92
2022-12-28,4361.63
2022-12-29,4341.74
2023-01-02,4214.94
2023-01-03,4129.96
2023-01-04,4172.2
2023-01-05,4259.73
2023-01-06,4311.29
2023-01-09,4318.81
2023-01-10,4387.53
2023-01-11,4450.04
2023-01-12,4427.13
2023-01-13,4391.55
2023-01-16,4325.76
2023-01-17,4407.23
2023-01-18,4439.99
2023-01-19,4466.49
2023-01-20,4435.31
2023-01-23,4425.33
2023-01-24,4475.67
2023-01-25,4525.79
2023-01-26,4527.9
2023-01-27,4453.48
2023-01-30,4448.9
2023-01-31,4493.4
2023-02-01,4442.08
2023-02-02,4362.96
2023-02-03,4299.77
2023-02-06,4303.5
2023-02-07,4270.66
2023-02-08,4348.38
2023-02-09,4273.15
2023-02-10,4276.96
2023-02-13,4303.73
2023-02-14,4266.65
2023-02-15,4336.89
2023-02-16,4349.14
2023-02-17,4320.54
2023-02-22,4245.9
2023-02-23,4258.79
2023-02-24,4189.11
2023-02-27,4185.3
2023-02-28,4156.58
2023-03-01,4143.12
2023-03-02,4105.03
2023-03-03,4124.33
2023-03-06,4149.74
2023-03-07,4130.5
2023-03-08,4220.91
2023-03-09,4168.4
2023-03-10,4113.18
2023-03-13,4095.07
2023-03-14,4087.59
2023-03-15,4071.26
2023-03-16,4098.02
2023-03-17,4044.04
2023-03-20,4001.83
2023-03-21,3999.88
2023-03-22,3972.89
2023-03-23,3880.26
2023-03-24,3916.68
2023-03-27,3949.37
2023-03-28,4007.01
2023-03-29,4027.44
2023-03-30,4102.44
2023-03-31,4032.87
2023-04-03,4016.76
2023-04-04,4028.51
2023-04-05,3991.17
2023-04-06,3985.17
2023-04-10,4025.14
2023-04-11,4196.21
2023-04-12,4220.13
2023-04-13,4205.11
2023-04-14,4196.69
2023-04-17,4184.96
2023-04-18,4187.72
2023-04-19,4096.82
2023-04-20,4111.94
2023-04-24,4091.02
2023-04-25,4058.79
2023-04-26,4029.11
2023-04-27,4056.3
2023-04-28,4116.26
2023-05-02,4018.93
2023-05-03,4016.29
2023-05-04,4029.78
2023-05-05,4146.19
2023-05-08,4180.27
2023-05-09,4220.33
2023-05-10,4235.29
2023-05-11,4269.28
2023-05-12,4275.59
2023-05-15,4298.84
2023-05-16,4262.54
2023-05-17,4314.63
2023-05-18,4344.55
2023-05-19,4369.47
2023-05-22,4349.04
2023-05-23,4337.75
2023-05-24,4295.66
2023-05-25,4346.99
2023-05-26,4381.9
2023-05-29,4360.31
2023-05-30,4306.21
2023-05-31,4282.67
2023-06-01,4369.31
2023-06-02,4444.1
2023-06-05,4449.52
2023-06-06,4523.96
2023-06-07,4561.09
2023-06-09,4620.8
2023-06-12,4632.75
2023-06-13,4603.93
2023-06-14,4696.88
2023-06-15,4703.8
2023-06-16,4686.66
2023-06-19,4729.25
2023-06-20,4722.84
2023-06-21,4754.36
2023-06-22,4695.99
2023-06-23,4699.55
2023-06-26,4670.05
2023-06-27,4638.35
2023-06-28,4605.69
2023-06-29,4673.84
2023-06-30,4666.0
2023-07-03,4726.54
2023-07-04,4704.12
2023-07-05,4722.9
2023-07-06,4642.39
2023-07-07,4701.85
2023-07-10,4664.13
2023-07-11,4648.92
2023-07-12,4651.44
2023-07-13,4710.3
2023-07-14,4646.92
2023-07-17,4667.68
2023-07-18,4655.99
2023-07-19,4643.96
2023-07-20,4664.72
2023-07-21,4746.58
2023-07-24,4791.89
2023-07-25,4820.32
2023-07-26,4838.64
2023-07-27,4741.41
2023-07-28,4749.42
2023-07-31,4817.54
2023-08-01,4790.98
2023-08-02,4777.26
2023-08-03,4770.23
2023-08-04,4733.01
2023-08-07,4725.48
2023-08-08,4714.6
2023-08-09,4689.05
2023-08-10,4686.34
2023-08-11,4671.57
2023-08-14,4621.46
2023-08-15,4596.76
2023-08-16,4576.24
2023-08-17,4549.09
2023-08-18,4564.82
2023-08-21,4528.52
2023-08-22,4600.06
2023-08-23,4678.07
2023-08-24,4634.95
2023-08-25,4586.49
2023-08-28,4631.93
2023-08-29,4683.31
2023-08-30,4649.96
2023-08-31,4575.81
2023-09-01,4664.43
2023-09-04,4658.21
2023-09-05,4642.98
2023-09-06,4592.01
2023-09-08,4566.97
2023-09-11,4627.09
2023-09-12,4675.25
2023-09-13,4682.66
2023-09-14,4728.72
2023-09-15,4702.62
2023-09-18,4684.69
2023-09-19,4667.14
2023-09-20,4699.22
2023-09-21,4599.65
2023-09-22,4592.53
2023-09-25,4587.68
2023-09-26,4517.78
2023-09-27,4523.08
2023-09-28,4578.95
2023-09-29,4612.53
2023-10-02,4551.22
2023-10-03,4484.45
2023-10-04,4492.18
2023-10-05,4477.08
2023-10-06,4507.87
2023-10-09,4548.59
2023-10-10,4612.78
2023-10-11,4620.24
2023-10-13,4568.11
2023-10-16,4598.01
2023-10-17,4571.74
2023-10-18,4499.73
2023-10-19,4498.01
2023-10-20,4466.96
2023-10-23,4453.28
2023-10-24,4492.32
2023-10-25,4453.21
2023-10-26,4528.23
2023-10-27,4467.04
2023-10-30,4434.46
2023-10-31,4456.6
2023-11-01,4530.58
2023-11-03,4657.14
2023-11-06,4663.52
2023-11-07,4698.22
2023-11-08,4693.39
2023-11-09,4689.64
2023-11-10,4748.88
2023-11-13,4743.35
2023-11-14,4851.67
2023-11-16,4909.13
2023-11-17,4913.32
2023-11-20,4956.12
2023-11-21,4938.23
2023-11-22,4952.34
2023-11-23,4973.89
2023-11-24,4930.79
2023-11-27,4939.09
2023-11-28,4973.54
2023-11-29,4957.9
2023-11-30,5003.92
2023-12-01,5039.11
2023-12-04,4985.0
2023-12-05,4992.07
2023-12-06,4944.0
2023-12-07,4962.45
2023-12-08,5004.58
2023-12-11,4996.78
2023-12-12,4978.34
2023-12-13,5099.75
2023-12-14,5152.23
2023-12-15,5126.92
2023-12-18,5162.35
2023-12-19,5193.35
2023-12-20,5155.41
2023-12-21,5207.83
2023-12-22,5231.49
2023-12-26,5261.6
2023-12-27,5287.3
2023-12-28,5288.07
2024-01-02,5224.44
2024-01-03,5234.26
2024-01-04,5167.32
2024-01-05,5201.25
2024-01-08,5219.95
2024-01-09,5184.29
2024-01-10,5159.25
2024-01-11,5151.02
2024-01-12,5164.96
2024-01-15,5185.73
2024-01-16,5100.49
2024-01-17,5070.56
2024-01-18,5023.12
2024-01-19,5037.22
2024-01-22,4994.96
2024-01-23,5060.33
2024-01-24,5043.67
2024-01-25,5062.1
2024-01-26,5091.57
2024-01-29,5073.74
2024-01-30,5030.39
2024-01-31,5046.66
2024-02-01,5074.63
2024-02-02,5023.14
2024-02-05,5035.52
2024-02-06,5141.16
2024-02-07,5130.02
2024-02-08,5060.95
2024-02-09,5053.51
2024-02-14,5011.23
2024-02-15,5045.0
2024-02-16,5082.49
2024-02-19,5094.4
2024-02-20,5128.35
2024-02-21,5131.29
2024-02-22,5143.96
2024-02-23,5110.45
2024-02-26,5117.62
2024-02-27,5198.64
2024-02-28,5135.98
2024-02-29,5093.14
2024-03-01,5100.67
2024-03-04,5065.56
2024-03-05,5058.97
2024-03-06,5091.42
2024-03-07,5073.49
2024-03-08,5017.3
2024-03-11,4980.07
2024-03-12,5040.34
2024-03-13,5053.48
2024-03-14,5041.07
2024-03-15,5004.97
2024-03-18,5012.01
2024-03-19,5033.79
2024-03-20,5099.91
2024-03-21,5064.11
2024-03-22,5020.18
2024-03-25,5016.65
2024-03-26,5012.72
2024-03-27,5048.06
2024-03-28,5065.92
2024-04-01,5022.82
2024-04-02,5044.28
2024-04-03,5032.32
2024-04-04,5036.43
2024-04-05,5011.84
2024-04-08,5093.26
2024-04-09,5134.32
2024-04-10,5065.98
2024-04-11,5039.91
2024-04-12,4977.1
2024-04-15,4949.64
2024-04-16,4913.15
2024-04-17,4904.95
2024-04-18,4904.95
2024-04-19,4946.67
2024-04-22,4965.32
2024-04-23,4949.65
2024-04-24,4933.38
2024-04-25,4931.26
2024-04-26,5007.82
2024-04-29,5040.33
2024-04-30,4982.45
2024-05-02,5031.08
2024-05-03,5085.53
2024-05-06,5080.17
2024-05-07,5109.67
2024-05-08,5121.18
2024-05-09,5069.69
2024-05-10,5045.21
2024-05-13,5066.47
2024-05-14,5077.79
2024-05-15,5055.42
2024-05-16,5063.18
2024-05-17,5055.24
2024-05-20,5042.33
2024-05-21,5029.98
2024-05-22,4961.48
2024-05-23,4926.56
2024-05-24,4908.33
2024-05-27,4917.22
2024-05-28,4890.11
2024-05-29,4851.02
2024-05-31,4829.61
2024-06-03,4830.07
2024-06-04,4818.9
2024-06-05,4801.93
2024-06-06,4859.62
2024-06-07,4773.06
2024-06-10,4769.64
2024-06-11,4805.33
2024-06-12,4737.57
2024-06-13,4720.17
2024-06-14,4722.6
2024-06-17,4700.27
2024-06-18,4723.02
2024-06-19,4746.17
2024-06-20,4755.72
2024-06-21,4790.86
2024-06-24,4845.31
2024-06-25,4834.29
2024-06-26,4844.11
2024-06-27,4912.26
2024-06-28,4895.75
2024-07-01,4923.53
2024-07-02,4926.91
2024-07-03,4962.39
2024-07-04,4988.71
2024-07-05,4996.58
2024-07-08,5008.36
2024-07-09,5030.44
2024-07-10,5033.42
2024-07-11,5076.31
2024-07-12,5097.6
2024-07-15,5113.75
2024-07-16,5106.52
2024-07-17,5122.1
2024-07-18,5050.4
2024-07-19,5047.81
2024-07-22,5059.55
2024-07-23,5007.69
2024-07-24,4999.37
2024-07-25,4979.03
2024-07-26,5037.72
2024-07-29,5012.08
2024-07-30,4980.03
2024-07-31,5039.8
2024-08-01,5029.04
2024-08-02,4974.2
2024-08-05,4948.7
2024-08-06,4989.92
2024-08-07,5040.89
2024-08-08,5087.59
2024-08-09,5163.46
2024-08-12,5186.5
2024-08-13,5230.68
2024-08-14,5267.06
2024-08-15,5300.38
2024-08-16,5289.03
2024-08-19,5359.62
2024-08-20,5371.36
2024-08-21,5382.31
2024-08-22,5328.32
2024-08-23,5352.21
2024-08-26,5407.81
2024-08-27,5399.21
2024-08-28,5421.74
2024-08-29,5369.02
2024-08-30,5371.12
2024-09-02,5330.43
2024-09-03,5310.3
2024-09-04,5379.68
2024-09-05,5393.65
2024-09-06,5318.62
2024-09-09,5324.38
2024-09-10,5310.24
2024-09-11,5324.47
2024-09-12,5297.88
2024-09-13,5335.22
2024-09-16,5344.82
2024-09-17,5337.82
2024-09-18,5292.84
2024-09-19,5264.87
2024-09-20,5182.56
2024-09-23,5164.6
2024-09-24,5223.8
2024-09-25,5201.05
2024-09-26,5252.46
2024-09-27,5244.24
2024-09-30,5208.87
2024-10-01,5233.73
2024-10-02,5275.21
2024-10-03,5205.59
2024-10-04,5209.66
2024-10-07,5217.72
2024-10-08,5198.86
2024-10-09,5137.05
2024-10-10,5152.09
2024-10-11,5138.8
2024-10-14,5179.11
2024-10-15,5181.88
2024-10-16,5210.16
2024-10-17,5173.83
2024-10-18,5160.34
2024-10-21,5153.0
2024-10-22,5136.53
2024-10-23,5109.76
2024-10-24,5142.8
2024-10-25,5134.16
2024-10-28,5182.14
2024-10-29,5162.69
2024-10-30,5159.78
2024-10-31,5125.12
2024-11-01,5059.24
2024-11-04,5154.71
2024-11-05,5162.4
2024-11-06,5153.31
2024-11-07,5122.43
2024-11-08,5055.88
2024-11-11,5060.15
2024-11-12,5052.77
2024-11-13,5053.75
2024-11-14,5056.47
2024-11-18,5055.98
2024-11-19,5075.88
2024-11-21,5023.86
2024-11-22,5110.53
2024-11-25,5107.25
2024-11-26,5145.04
2024-11-27,5052.75
2024-11-28,4926.74
2024-11-29,4970.45
2024-12-02,4952.72
2024-12-03,4986.16
2024-12-04,4983.58
2024-12-05,5053.4
2024-12-06,4977.71
2024-12-09,5021.62
2024-12-10,5065.41
2024-12-11,5126.07
2024-12-12,4986.69
2024-12-13,4935.54
2024-12-16,4890.3
2024-12-17,4930.97
2024-12-18,4774.13
2024-12-19,4789.63
2024-12-20,4822.82
2024-12-23,4767.36
2024-12-26,4778.73
2024-12-27,4748.51
2024-12-30,4748.56
2025-01-02,4741.42
2025-01-03,4680.63
2025-01-06,4738.92
2025-01-07,4785.68
2025-01-08,4725.07
2025-01-09,4731.92
2025-01-10,4695.25
2025-01-13,4699.48
2025-01-14,4712.66
2025-01-15,4844.56
2025-01-16,4787.8
2025-01-17,4830.05
2025-01-20,4849.8
2025-01-21,4868.51
2025-01-22,4857.53
2025-01-23,4836.07
2025-01-24,4837.1
2025-01-27,4930.14
2025-01-28,4899.59
2025-01-29,4876.31
2025-01-30,5014.4
2025-01-31,4984.08
2025-02-03,4975.56
2025-02-04,4945.33
2025-02-05,4955.42
2025-02-06,4982.71
2025-02-07,4919.72
2025-02-10,4956.8
2025-02-11,4995.78
2025-02-12,4911.29
2025-02-13,4930.35
2025-02-14,5066.46
2025-02-17,5083.32
2025-02-18,5082.4
2025-02-19,5034.68
2025-02-20,5047.28
2025-02-21,5031.54
2025-02-24,4961.75
2025-02-25,4982.96
2025-02-26,4932.25
2025-02-27,4927.92
2025-02-28,4851.38
2025-03-05,4854.84
2025-03-06,4868.47
2025-03-07,4935.91
2025-03-10,4915.87
2025-03-11,4874.54
2025-03-12,4889.67
2025-03-13,4955.41
2025-03-14,5086.84
2025-03-17,5159.22
2025-03-18,5182.82
2025-03-19,5224.92
2025-03-20,5202.26
2025-03-21,5217.94
2025-03-24,5177.2
2025-03-25,5207.7
2025-03-26,5223.77
2025-03-27,5250.11
2025-03-28,5201.14
2025-03-31,5136.95
2025-04-01,5173.45
2025-04-02,5175.95
2025-04-03,5175.39
2025-04-04,5021.87
2025-04-07,4953.06
2025-04-08,4888.39
2025-04-09,5037.32
2025-04-10,4975.97
2025-04-11,5031.54
2025-04-14,5100.19
2025-04-15,5094.85
2025-04-16,5061.46
2025-04-17,5115.19
2025-04-22,5146.48
2025-04-23,5214.09
2025-04-24,5307.98
2025-04-25,5314.48
2025-04-28,5324.83
2025-04-29,5325.26
2025-04-30,5322.77
2025-05-02,5327.7
2025-05-05,5261.54
2025-05-06,5261.96
2025-05-07,5258.07
2025-05-08,5368.88
2025-05-09,5382.28
2025-05-12,5381.99
2025-05-13,5477.03
2025-05-14,5457.67
2025-05-15,5495.17
2025-05-16,5492.55
2025-05-19,5510.55
2025-05-20,5530.33
2025-05-21,5441.89
2025-05-22,5419.2
2025-05-23,5441.91
2025-05-26,5454.91
2025-05-27,5513.6
2025-05-28,5488.84
2025-05-29,5478.17
2025-05-30,5422.69
2025-06-02,5411.29
2025-06-03,5445.61
2025-06-04,5422.82
2025-06-05,5389.97
2025-06-06,5383.8
2025-06-09,5367.13
2025-06-10,5397.48
2025-06-11,5424.92
2025-06-12,5453.05
2025-06-13,5430.7
2025-06-16,5511.88
2025-06-17,5497.98
2025-06-18,5491.86
2025-06-20,5430.8
2025-06-23,5406.77
2025-06-24,5433.0
2025-06-25,5379.46
2025-06-26,5430.09
2025-06-27,5418.89
2025-06-30,5497.46
2025-07-01,5523.14
2025-07-02,5498.56
2025-07-03,5575.35
2025-07-04,5588.86
2025-07-07,5521.76
2025-07-08,5515.2
2025-07-09,5443.53
2025-07-10,5412.69
2025-07-11,5389.62
2025-07-14,5353.17
2025-07-15,5352.94
2025-07-16,5360.57
2025-07-17,5365.15
2025-07-18,5276.99
2025-07-21,5304.63
2025-07-22,5297.51
2025-07-23,5351.84
2025-07-24,5291.2
2025-07-25,5281.61
2025-07-28,5223.66
2025-07-29,5249.76
2025-07-30,5300.98
2025-07-31,5265.08
2025-08-01,5243.43
2025-08-04,5263.07
2025-08-05,5272.18
2025-08-06,5329.04
2025-08-07,5404.67
2025-08-08,5376.3
2025-08-11,5364.79
2025-08-12,5455.5
2025-08-13,5407.17
2025-08-14,5395.02
2025-08-15,5394.71
2025-08-18,5433.05
2025-08-19,5317.15
2025-08-20,5326.46
2025-08-21,5318.19
2025-08-22,5454.3
2025-08-25,5455.68
2025-08-26,5444.39
2025-08-27,5502.72
2025-08-28,5576.29
2025-08-29,5590.78
2025-09-01,5585.06
2025-09-02,5547.8
2025-09-03,5529.71
2025-09-04,5576.48
2025-09-05,5640.62
2025-09-08,5606.85
2025-09-09,5601.58
2025-09-10,5630.79
2025-09-11,5662.29
2025-09-12,5629.47
2025-09-15,5679.74
2025-09-16,5698.18
2025-09-17,5759.38
2025-09-18,5754.34
2025-09-19,5771.29
2025-09-22,5739.15
2025-09-23,5791.51
2025-09-24,5791.48
2025-09-25,5739.43
2025-09-26,5748.34
2025-09-29,5783.97
2025-09-30,5777.77
2025-10-01,5748.41
2025-10-02,5681.1
2025-10-03,5690.63
2025-10-06,5664.69
2025-10-07,5576.11
2025-10-08,5604.2
2025-10-09,5584.99
2025-10-10,5546.9
2025-10-13,5589.24
2025-10-14,5586.23
2025-10-15,5622.87
2025-10-16,5607.52
2025-10-17,5654.53
2025-10-20,5698.23
2025-10-21,5681.05
2025-10-22,5711.74
2025-10-23,5744.96
2025-10-24,5763.54
2025-10-27,5794.65
2025-10-28,5809.3
2025-10-29,5855.78
2025-10-30,5862.8
2025-10-31,5893.53
2025-11-03,5928.25
2025-11-04,5939.28
2025-11-05,6039.3
2025-11-06,6038.7
2025-11-07,6069.39
2025-11-10,6115.08
2025-11-11,6214.4
2025-11-12,6206.98
2025-11-13,6189.29
2025-11-14,6211.72
2025-11-17,6180.7
2025-11-18,6161.07
2025-11-19,6115.62
2025-11-21,6090.53
2025-11-24,6113.37
2025-11-25,6139.06
2025-11-26,6244.55
2025-11-27,6239.36
2025-11-28,6270.85
2025-12-01,6253.73
2025-12-02,6351.37
2025-12-03,6376.89
2025-12-04,6482.33
2025-12-05,6199.89
2025-12-08,6231.44
2025-12-09,6222.73
2025-12-10,6263.94
2025-12-11,6269.38
2025-12-12,6330.69
2025-12-15,6396.74
2025-12-16,6242.66
2025-12-17,6194.58
2025-12-18,6218.02
2025-12-19,6239.92
2025-12-22,6224.97
2025-12-23,6317.21
2025-12-26,6334.72
2025-12-29,6319.41
2025-12-30,6347.45
2026-01-02,6322.62
2026-01-05,6375.3
2026-01-06,6449.29
2026-01-07,6384.79
2026-01-08,6424.61
2026-01-09,6441.56
2026-01-12,6432.6
2026-01-13,6385.65
2026-01-14,6509.2
2026-01-15,6524.19
2026-01-16,6491.34
2026-01-19,6492.34
2026-01-20,6548.44
2026-01-21,6765.96
2026-01-22,6913.98
2026-01-23,7043.71
2026-01-26,7039.2
2026-01-27,7165.1
2026-01-28,7272.55
2026-01-29,7211.58
2026-01-30,7142.63
2026-02-02,7197.47
2026-02-03,7311.08
2026-02-04,7157.75
2026-02-05,7171.33
2026-02-06,7201.57
2026-02-09,7330.32
2026-02-10,7321.57
2026-02-11,7469.24
2026-02-12,7389.66
2026-02-13,7339.89
2026-02-18,7322.83
2026-02-19,7421.03
2026-02-20,7501.42
2026-02-23,7435.5
2026-02-24,7538.62
2026-02-25,7530.88
2026-02-26,7522.97
2026-02-27,7435.98
2026-03-02,7453.09
2026-03-03,7207.81
2026-03-04,7296.69
2026-03-05,7104.08
2026-03-06,7058.57
2026-03-09,7118.42
2026-03-10,7218.15
2026-03-11,7236.79
2026-03-12,7053.42
2026-03-13,6987.49
2026-03-16,7074.7
2026-03-17,7094.38
2026-03-18,7062.77
2026-03-19,7087.02
2026-03-20,6929.38
