Data Base;PU Base Manha
2010-03-08;405,61
2010-03-09;403,91
2010-03-10;404,12
2010-03-11;404,33
2010-03-12;402,82
2010-03-15;402,12
2010-03-16;403,22
2010-03-17;404,32
2010-03-18;404,47
2010-03-19;408,46
2010-03-22;408,71
2010-03-23;408,86
2010-03-24;411,07
2010-03-25;411,24
2010-03-26;412,38
2010-03-29;413,65
2010-03-30;416,75
2010-03-31;414,96
2010-04-01;416,1
2010-04-05;418,44
2010-04-06;419,6
2010-04-07;418,78
2010-04-08;422,98
2010-04-09;431,2
2010-04-12;431,52
2010-04-13;431,69
2010-04-14;423,81
2010-04-15;419,02
2010-04-16;418,2
2010-04-19;421,46
2010-04-20;422,62
2010-04-22;416,96
2010-04-23;417,13
2010-04-26;419,4
2010-04-27;429,56
2010-04-28;432,77
2010-04-29;430,91
2010-04-30;442,39
2010-05-03;441,67
2010-05-04;444,98
2010-05-05;440,99
2010-05-06;434,98
2010-05-07;424,27
2010-05-10;408,02
2010-05-11;413,98
2010-05-12;416,1
2010-05-13;416,29
2010-05-14;426,37
2010-05-17;425,65
2010-05-18;418,89
2010-05-19;412,23
2010-05-20;407,6
2010-05-21;406,83
2010-05-24;406,17
2010-05-25;405,38
2010-05-26;403,65
2010-05-27;403,81
2010-05-28;403,98
2010-05-31;404,26
2010-06-01;406,32
2010-06-02;409,34
2010-06-04;412,45
2010-06-07;416,62
2010-06-08;416,79
2010-06-09;416,79
2010-06-10;416,95
2010-06-11;418,08
2010-06-14;417,41
2010-06-15;417,54
2010-06-16;415,73
2010-06-17;416,84
2010-06-18;416,0
2010-06-21;417,17
2010-06-22;420,23
2010-06-23;420,26
2010-06-24;419,4
2010-06-25;420,5
2010-06-28;420,65
2010-06-29;419,8
2010-06-30;415,05
2010-07-01;414,2
2010-07-02;418,2
2010-07-05;417,39
2010-07-06;417,51
2010-07-07;416,26
2010-07-08;417,33
2010-07-09;414,53
2010-07-12;414,63
2010-07-13;408,98
2010-07-14;409,06
2010-07-15;413,97
2010-07-16;417,0
2010-07-19;424,03
2010-07-20;422,2
2010-07-21;423,18
2010-07-22;421,32
2010-07-23;426,36
2010-07-26;427,47
2010-07-27;427,58
2010-07-28;430,69
2010-07-29;430,79
2010-07-30;430,9
2010-08-02;432,03
2010-08-03;427,14
2010-08-04;427,25
2010-08-05;426,37
2010-08-06;425,4
2010-08-09;423,53
2010-08-10;424,62
2010-08-11;424,73
2010-08-12;426,81
2010-08-13;430,83
2010-08-16;438,1
2010-08-17;447,5
2010-08-18;446,6
2010-08-19;447,78
2010-08-20;451,05
2010-08-23;452,13
2010-08-24;457,54
2010-08-25;458,72
2010-08-26;459,91
2010-08-27;460,03
2010-08-30;459,11
2010-08-31;457,1
2010-09-01;459,35
2010-09-02;454,16
2010-09-03;455,34
2010-09-06;453,38
2010-09-08;454,56
2010-09-09;451,35
2010-09-10;455,66
2010-09-13;451,58
2010-09-14;453,74
2010-09-15;454,96
2010-09-16;454,07
2010-09-17;446,93
2010-09-20;447,21
2010-09-21;446,34
2010-09-22;446,56
2010-09-23;448,81
2010-09-24;452,11
2010-09-27;453,46
2010-09-28;452,59
2010-09-29;451,72
2010-09-30;453,99
2010-10-01;454,16
2010-10-04;457,63
2010-10-05;457,81
2010-10-06;457,98
2010-10-07;462,42
2010-10-08;461,53
2010-10-11;461,84
2010-10-13;462,09
2010-10-14;468,7
2010-10-15;478,76
2010-10-18;484,71
2010-10-19;479,34
2010-10-20;469,66
2010-10-21;475,41
2010-10-22;469,08
2010-10-25;469,5
2010-10-26;469,71
2010-10-27;468,84
2010-10-28;467,97
2010-10-29;471,43
2010-11-01;476,23
2010-11-03;479,87
2010-11-04;480,08
2010-11-05;481,41
2010-11-08;494,23
2010-11-09;487,88
2010-11-10;491,5
2010-11-11;498,59
2010-11-12;502,35
2010-11-16;501,71
2010-11-17;495,01
2010-11-18;495,23
2010-11-19;486,38
2010-11-22;484,55
2010-11-23;467,22
2010-11-24;468,81
2010-11-25;469,05
2010-11-26;473,62
2010-11-29;475,22
2010-11-30;473,27
2010-12-01;477,89
2010-12-02;479,23
2010-12-03;479,47
2010-12-06;479,98
2010-12-07;473,65
2010-12-08;478,26
2010-12-09;478,5
2010-12-10;480,95
2010-12-13;490,4
2010-12-14;491,81
2010-12-15;497,7
2010-12-16;502,52
2010-12-17;507,37
2010-12-20;511,3
2010-12-21;511,51
2010-12-22;515,26
2010-12-23;519,04
2010-12-24;519,25
2010-12-27;519,67
2010-12-28;519,88
2010-12-29;521,29
2010-12-30;522,71
2010-12-31;525,33
2011-01-03;525,75
2011-01-04;522,35
2011-01-05;518,98
2011-01-06;515,62
2011-01-07;510,06
2011-01-10;501,21
2011-01-11;495,71
2011-01-12;498,2
2011-01-13;500,7
2011-01-14;503,21
2011-01-17;507,12
2011-01-18;508,51
2011-01-19;512,25
2011-01-20;514,82
2011-01-21;518,6
2011-01-24;517,87
2011-01-25;513,37
2011-01-26;513,6
2011-01-27;512,9
2011-01-28;515,51
2011-01-31;510,15
2011-02-01;512,74
2011-02-02;516,52
2011-02-03;516,77
2011-02-04;512,31
2011-02-07;510,48
2011-02-08;510,81
2011-02-09;507,57
2011-02-10;513,65
2011-02-11;512,73
2011-02-14;510,9
2011-02-15;507,68
2011-02-16;504,48
2011-02-17;508,22
2011-02-18;507,32
2011-02-21;507,9
2011-02-22;505,85
2011-02-23;508,42
2011-02-24;511,01
2011-02-25;510,11
2011-02-28;511,85
2011-03-01;513,29
2011-03-02;511,22
2011-03-03;515,0
2011-03-04;513,97
2011-03-09;513,65
2011-03-16;508,2
2011-03-17;507,25
2011-03-18;507,44
2011-03-21;505,51
2011-03-22;506,85
2011-03-23;511,68
2011-03-24;513,32
2011-03-25;512,38
2011-03-28;512,84
2011-03-29;513,07
2011-03-30;513,3
2011-03-31;515,86
2011-04-01;516,09
2011-04-04;516,55
2011-04-05;517,96
2011-04-06;515,84
2011-04-07;516,45
2011-04-08;520,23
2011-04-11;518,39
2011-04-12;517,46
2011-04-13;516,54
2011-04-14;516,79
2011-04-15;517,03
2011-04-18;517,52
2011-04-19;516,58
2011-04-20;517,99
2011-04-25;520,07
2011-04-26;515,64
2011-04-27;517,06
2011-04-28;518,49
2011-04-29;519,92
2011-05-02;521,64
2011-05-03;524,26
2011-05-04;524,52
2011-05-05;528,36
2011-05-06;530,87
2011-05-09;528,99
2011-05-10;530,45
2011-05-11;529,5
2011-05-12;529,76
2011-05-13;531,32
2011-05-16;532,89
2011-05-17;536,72
2011-05-18;541,8
2011-05-19;544,47
2011-05-20;550,87
2011-05-23;547,49
2011-05-24;545,22
2011-05-25;545,42
2011-05-26;543,17
2011-05-27;545,83
2011-05-30;542,51
2011-05-31;541,49
2011-06-01;535,61
2011-06-02;533,39
2011-06-03;530,0
2011-06-06;529,16
2011-06-07;528,17
2011-06-08;529,56
2011-06-09;533,35
2011-06-10;534,76
2011-06-13;537,54
2011-06-14;539,02
2011-06-15;536,73
2011-06-16;535,65
2011-06-17;534,58
2011-06-20;534,73
2011-06-21;532,46
2011-06-22;531,41
2011-06-24;530,35
2011-06-27;528,13
2011-06-28;521,19
2011-06-29;517,82
2011-06-30;512,17
2011-07-01;508,86
2011-07-04;510,16
2011-07-05;510,29
2011-07-06;508,13
2011-07-07;508,56
2011-07-08;504,17
2011-07-11;505,49
2011-07-12;502,25
2011-07-13;501,27
2011-07-14;499,16
2011-07-15;498,2
2011-07-18;498,42
2011-07-19;499,69
2011-07-20;498,73
2011-07-21;498,85
2011-07-22;497,89
2011-07-25;498,1
2011-07-26;497,14
2011-07-27;498,4
2011-07-28;498,55
2011-07-29;498,69
2011-08-01;497,79
2011-08-02;497,94
2011-08-03;496,98
2011-08-04;496,02
2011-08-05;494,96
2011-08-08;492,95
2011-08-09;493,1
2011-08-10;492,14
2011-08-11;493,38
2011-08-12;491,27
2011-08-15;492,62
2011-08-16;497,2
2011-08-17;501,81
2011-08-18;504,22
2011-08-19;514,61
2011-08-22;519,55
2011-08-23;519,73
2011-08-24;521,06
2011-08-25;523,57
2011-08-26;527,27
2011-08-29;538,26
2011-08-30;553,06
2011-08-31;545,88
2011-09-01;544,85
2011-09-02;563,6
2011-09-05;558,89
2011-09-06;552,98
2011-09-08;554,47
2011-09-09;548,51
2011-09-12;551,28
2011-09-13;552,7
2011-09-14;549,18
2011-09-15;546,95
2011-09-16;547,15
2011-09-19;547,53
2011-09-20;546,52
2011-09-21;540,75
2011-09-22;529,07
2011-09-23;521,12
2011-09-26;521,52
2011-09-27;522,9
2011-09-28;523,11
2011-09-29;528,0
2011-09-30;528,21
2011-10-03;533,34
2011-10-04;541,92
2011-10-05;544,55
2011-10-06;547,2
2011-10-07;546,16
2011-10-10;551,46
2011-10-11;552,9
2011-10-13;555,69
2011-10-14;558,4
2011-10-17;558,77
2011-10-18;554,03
2011-10-19;555,47
2011-10-20;554,45
2011-10-21;546,08
2011-10-24;545,23
2011-10-25;545,43
2011-10-26;544,42
2011-10-27;545,83
2011-10-28;549,67
2011-10-31;554,93
2011-11-01;562,57
2011-11-03;559,12
2011-11-04;558,08
2011-11-07;554,75
2011-11-08;553,72
2011-11-09;557,62
2011-11-10;562,79
2011-11-11;561,69
2011-11-14;570,82
2011-11-16;571,14
2011-11-17;573,9
2011-11-18;574,12
2011-11-21;577,08
2011-11-22;577,3
2011-11-23;576,25
2011-11-24;573,9
2011-11-25;574,12
2011-11-28;574,53
2011-11-29;576,02
2011-11-30;576,24
2011-12-01;581,59
2011-12-02;577,96
2011-12-05;577,09
2011-12-06;573,5
2011-12-07;574,98
2011-12-08;580,44
2011-12-09;580,67
2011-12-12;584,97
2011-12-13;589,09
2011-12-14;588,02
2011-12-15;588,24
2011-12-16;584,58
2011-12-19;581,13
2011-12-20;581,36
2011-12-21;585,44
2011-12-22;588,28
2011-12-23;582,05
2011-12-26;578,64
2011-12-27;576,32
2011-12-28;580,37
2011-12-29;581,87
2011-12-30;584,67
2012-01-02;585,1
2012-01-03;590,51
2012-01-04;593,35
2012-01-05;583,21
2012-01-06;588,47
2012-01-09;590,18
2012-01-10;586,52
2012-01-11;589,33
2012-01-12;589,55
2012-01-13;588,48
2012-01-16;590,21
2012-01-17;593,05
2012-01-18;590,69
2012-01-19;594,84
2012-01-20;596,39
2012-01-23;604,79
2012-01-24;601,06
2012-01-25;601,26
2012-01-26;601,5
2012-01-27;603,06
2012-01-30;603,53
2012-01-31;601,12
2012-02-01;594,79
2012-02-02;592,42
2012-02-03;583,62
2012-02-06;584,07
2012-02-07;583,03
2012-02-08;585,82
2012-02-09;589,93
2012-02-10;595,32
2012-02-13;599,7
2012-02-14;602,58
2012-02-15;608,13
2012-02-16;608,36
2012-02-17;613,96
2012-02-22;618,61
2012-02-23;620,19
2012-02-24;620,42
2012-02-27;616,77
2012-02-28;614,29
2012-02-29;618,57
2012-03-01;618,8
2012-03-02;616,32
2012-03-05;616,74
2012-03-06;619,67
2012-03-07;621,26
2012-03-08;622,85
2012-03-09;631,32
2012-03-12;628,99
2012-03-13;637,54
2012-03-14;634,99
2012-03-15;629,67
2012-03-16;638,23
2012-03-19;638,64
2012-03-20;633,29
2012-03-21;633,52
2012-03-22;635,13
2012-03-23;635,22
2012-03-26;636,97
2012-03-27;635,79
2012-03-28;640,19
2012-03-29;643,2
2012-03-30;643,41
2012-04-02;642,37
2012-04-03;639,78
2012-04-04;634,41
2012-04-05;632,55
2012-04-09;634,24
2012-04-10;639,98
2012-04-11;652,87
2012-04-12;658,79
2012-04-13;663,3
2012-04-16;666,55
2012-04-17;669,73
2012-04-18;674,39
2012-04-19;677,61
2012-04-20;689,83
2012-04-23;693,37
2012-04-24;695,16
2012-04-25;707,82
2012-04-26;715,89
2012-04-27;717,73
2012-04-30;719,87
2012-05-02;715,58
2012-05-03;736,53
2012-05-04;738,43
2012-05-07;777,23
2012-05-08;821,44
2012-05-09;797,09
2012-05-10;753,19
2012-05-11;799,45
2012-05-14;782,73
2012-05-15;783,03
2012-05-16;785,01
2012-05-17;788,71
2012-05-18;806,46
2012-05-21;817,66
2012-05-22;805,45
2012-05-23;757,69
2012-05-24;771,31
2012-05-25;753,21
2012-05-28;766,95
2012-05-29;775,63
2012-05-30;779,28
2012-05-31;772,73
2012-06-01;769,6
2012-06-04;746,86
2012-06-05;713,65
2012-06-06;704,32
2012-06-08;717,0
2012-06-11;739,61
2012-06-12;714,49
2012-06-13;714,71
2012-06-14;716,49
2012-06-15;719,84
2012-06-18;698,53
2012-06-19;698,71
2012-06-20;704,99
2012-06-21;709,79
2012-06-22;722,29
2012-06-25;724,09
2012-06-26;740,18
2012-06-27;740,35
2012-06-28;735,7
2012-06-29;726,33
2012-07-02;729,72
2012-07-03;736,26
2012-07-04;738,03
2012-07-05;730,22
2012-07-06;723,87
2012-07-09;731,97
2012-07-10;732,13
2012-07-11;735,47
2012-07-12;746,9
2012-07-13;740,59
2012-07-16;750,54
2012-07-17;760,58
2012-07-18;760,78
2012-07-19;765,95
2012-07-20;772,83
2012-07-23;790,43
2012-07-24;792,39
2012-07-25;782,35
2012-07-26;786,0
2012-07-27;784,53
2012-07-30;771,44
2012-07-31;771,67
2012-08-01;775,26
2012-08-02;780,56
2012-08-03;782,49
2012-08-06;781,22
2012-08-07;783,15
2012-08-08;792,23
2012-08-09;795,93
2012-08-10;791,02
2012-08-13;788,06
2012-08-14;781,5
2012-08-15;780,06
2012-08-16;793,94
2012-08-17;789,02
2012-08-20;792,87
2012-08-21;786,27
2012-08-22;793,34
2012-08-23;790,17
2012-08-24;792,12
2012-08-27;797,71
2012-08-28;803,15
2012-08-29;808,62
2012-08-30;808,86
2012-08-31;814,37
2012-09-03;816,58
2012-09-04;818,59
2012-09-05;817,22
2012-09-06;815,71
2012-09-10;814,51
2012-09-11;813,0
2012-09-12;809,74
2012-09-13;817,02
2012-09-14;815,51
2012-09-17;810,93
2012-09-18;809,45
2012-09-19;809,71
2012-09-20;803,02
2012-09-21;806,86
2012-09-24;805,69
2012-09-25;807,54
2012-09-26;806,08
2012-09-27;808,11
2012-09-28;813,64
2012-10-01;824,83
2012-10-02;826,91
2012-10-03;825,41
2012-10-04;827,49
2012-10-05;827,94
2012-10-08;848,46
2012-10-09;837,84
2012-10-10;839,95
2012-10-11;840,25
2012-10-15;861,23
2012-10-16;859,66
2012-10-17;871,15
2012-10-18;862,09
2012-10-19;867,97
2012-10-22;876,2
2012-10-23;886,01
2012-10-24;888,23
2012-10-25;888,54
2012-10-26;879,31
2012-10-29;879,95
2012-10-30;876,46
2012-10-31;876,77
2012-11-01;878,97
2012-11-05;877,87
2012-11-06;878,18
2012-11-07;874,78
2012-11-08;873,2
2012-11-09;871,63
2012-11-12;866,66
2012-11-13;861,39
2012-11-14;852,49
2012-11-16;840,2
2012-11-19;849,82
2012-11-20;855,59
2012-11-21;855,87
2012-11-22;852,49
2012-11-23;854,62
2012-11-26;860,71
2012-11-27;862,84
2012-11-28;864,98
2012-11-29;863,41
2012-11-30;863,69
2012-12-03;866,12
2012-12-04;868,26
2012-12-05;877,91
2012-12-06;876,32
2012-12-07;892,5
2012-12-10;883,64
2012-12-11;876,41
2012-12-12;869,25
2012-12-13;865,85
2012-12-14;868,02
2012-12-17;868,69
2012-12-18;869,01
2012-12-19;863,76
2012-12-20;866,09
2012-12-21;859,06
2012-12-26;860,37
2012-12-27;868,12
2012-12-28;872,19
2013-01-02;877,26
2013-01-03;887,05
2013-01-04;900,79
2013-01-07;911,28
2013-01-08;911,64
2013-01-09;912,0
2013-01-10;920,59
2013-01-11;920,97
2013-01-14;925,76
2013-01-15;922,19
2013-01-16;930,5
2013-01-17;932,87
2013-01-18;935,25
2013-01-21;926,16
2013-01-22;936,49
2013-01-23;938,88
2013-01-24;941,57
2013-01-28;938,93
2013-01-29;937,34
2013-01-30;929,79
2013-01-31;922,29
2013-02-01;922,71
2013-02-04;913,86
2013-02-05;908,45
2013-02-06;906,92
2013-02-07;891,74
2013-02-08;886,46
2013-02-13;872,86
2013-02-14;871,4
2013-02-15;875,5
2013-02-18;879,75
2013-02-19;883,77
2013-02-20;884,04
2013-02-21;889,97
2013-02-22;892,14
2013-02-25;891,03
2013-02-26;898,93
2013-02-27;904,99
2013-02-28;907,21
2013-03-01;907,52
2013-03-04;906,21
2013-03-05;914,24
2013-03-06;924,31
2013-03-07;922,65
2013-03-08;921,83
2013-03-11;912,83
2013-03-12;913,17
2013-03-13;901,97
2013-03-14;890,91
2013-03-15;889,36
2013-03-18;895,63
2013-03-19;895,93
2013-03-20;898,13
2013-03-21;898,43
2013-03-22;879,92
2013-03-25;867,52
2013-03-26;867,81
2013-03-27;868,1
2013-03-28;868,39
2013-04-01;850,95
2013-04-02;835,24
2013-04-03;828,52
2013-04-04;808,14
2013-04-05;811,82
2013-04-08;836,65
2013-04-09;840,47
2013-04-10;844,09
2013-04-11;847,93
2013-04-12;842,87
2013-04-15;839,86
2013-04-16;834,85
2013-04-17;835,13
2013-04-18;835,41
2013-04-19;851,65
2013-04-22;857,64
2013-04-23;859,73
2013-04-24;860,02
2013-04-25;856,7
2013-04-26;848,03
2013-04-29;850,37
2013-04-30;854,24
2013-05-02;858,26
2013-05-03;876,78
2013-05-06;871,84
2013-05-07;875,8
2013-05-08;876,56
2013-05-09;878,72
2013-05-10;873,51
2013-05-13;863,2
2013-05-14;867,14
2013-05-15;851,23
2013-05-16;858,65
2013-05-17;866,13
2013-05-20;857,53
2013-05-21;848,84
2013-05-22;850,87
2013-05-23;842,34
2013-05-24;837,32
2013-05-27;820,45
2013-05-28;810,48
2013-05-29;779,23
2013-05-31;791,03
2013-06-03;768,73
2013-06-04;767,38
2013-06-05;818,84
2013-06-06;790,58
2013-06-07;769,66
2013-06-10;773,3
2013-06-11;662,2
2013-06-12;699,0
2013-06-13;683,5
2013-06-14;721,53
2013-06-17;717,47
2013-06-18;688,62
2013-06-19;686,01
2013-06-20;657,14
2013-06-21;708,09
2013-06-24;685,38
2013-06-25;708,64
2013-06-26;711,8
2013-06-27;720,92
2013-06-28;730,15
2013-07-01;706,77
2013-07-02;712,86
2013-07-03;719,01
2013-07-04;714,8
2013-07-05;690,11
2013-07-08;690,44
2013-07-10;696,58
2013-07-11;691,07
2013-07-12;682,79
2013-07-15;681,72
2013-07-16;696,08
2013-07-17;702,02
2013-07-18;716,82
2013-07-19;725,93
2013-07-22;741,14
2013-07-23;741,3
2013-07-24;756,92
2013-07-25;743,15
2013-07-26;732,66
2013-07-29;735,86
2013-07-30;719,54
2013-07-31;713,8
2013-08-01;719,86
2013-08-02;712,65
2013-08-05;727,64
2013-08-06;733,81
2013-08-07;724,97
2013-08-08;723,64
2013-08-09;728,28
2013-08-12;731,46
2013-08-13;709,41
2013-08-14;695,16
2013-08-15;691,05
2013-08-16;696,96
2013-08-19;694,46
2013-08-20;681,98
2013-08-21;694,89
2013-08-22;683,77
2013-08-23;699,56
2013-08-26;704,2
2013-08-27;700,1
2013-08-28;698,88
2013-08-29;696,23
2013-08-30;680,95
2013-09-02;681,28
2013-09-03;681,49
2013-09-04;680,3
2013-09-05;677,74
2013-09-06;675,09
2013-09-09;678,16
2013-09-10;681,14
2013-09-11;681,35
2013-09-12;678,78
2013-09-13;676,22
2013-09-16;675,19
2013-09-17;676,81
2013-09-18;674,3
2013-09-19;708,39
2013-09-20;702,88
2013-09-23;703,19
2013-09-24;696,29
2013-09-25;693,69
2013-09-26;684,09
2013-09-27;674,64
2013-09-30;672,28
2013-10-01;661,66
2013-10-02;659,2
2013-10-03;664,81
2013-10-04;662,34
2013-10-07;662,72
2013-10-08;664,29
2013-10-09;668,64
2013-10-10;671,59
2013-10-11;671,82
2013-10-14;669,49
2013-10-15;671,08
2013-10-16;671,35
2013-10-17;671,63
2013-10-18;673,27
2013-10-21;669,73
2013-10-22;664,6
2013-10-23;667,58
2013-10-24;673,3
2013-10-25;670,86
2013-10-28;676,86
2013-10-29;677,14
2013-10-30;678,8
2013-10-31;679,08
2013-11-01;671,16
2013-11-04;660,91
2013-11-05;655,87
2013-11-06;646,93
2013-11-07;641,91
2013-11-08;619,29
2013-11-11;617,29
2013-11-12;620,05
2013-11-13;634,21
2013-11-14;639,62
2013-11-18;635,18
2013-11-19;640,62
2013-11-20;629,32
2013-11-21;629,6
2013-11-22;617,34
2013-11-25;615,38
2013-11-26;609,5
2013-11-27;602,47
2013-11-28;601,54
2013-11-29;597,0
2013-12-02;584,48
2013-12-03;572,02
2013-12-04;564,33
2013-12-05;563,46
2013-12-06;571,43
2013-12-09;573,03
2013-12-10;577,88
2013-12-11;591,0
2013-12-12;590,07
2013-12-13;591,51
2013-12-16;593,2
2013-12-17;597,06
2013-12-18;603,35
2013-12-19;603,65
2013-12-20;595,64
2013-12-23;592,7
2013-12-24;595,38
2013-12-26;595,85
2013-12-27;590,24
2013-12-30;596,78
2013-12-31;597,09
2014-01-02;597,56
2014-01-03;591,93
2014-01-06;593,74
2014-01-07;592,86
2014-01-08;591,99
2014-01-09;585,26
2014-01-10;580,25
2014-01-13;586,73
2014-01-14;584,72
2014-01-15;574,66
2014-01-16;572,67
2014-01-17;575,24
2014-01-20;580,39
2014-01-21;574,94
2014-01-22;574,08
2014-01-23;573,23
2014-01-24;546,72
2014-01-27;559,27
2014-01-28;549,65
2014-01-29;545,57
2014-01-30;543,68
2014-01-31;545,02
2014-02-03;546,58
2014-02-04;543,61
2014-02-05;547,11
2014-02-06;552,81
2014-02-07;554,9
2014-02-10;564,21
2014-02-11;555,6
2014-02-12;552,56
2014-02-13;550,63
2014-02-14;557,44
2014-02-17;559,06
2014-02-18;562,67
2014-02-19;566,29
2014-02-20;565,46
2014-02-21;575,89
2014-02-24;585,62
2014-02-25;587,07
2014-02-26;587,36
2014-02-27;591,14
2014-02-28;604,44
2014-03-05;592,26
2014-03-06;591,38
2014-03-07;588,17
2014-03-10;579,5
2014-03-11;569,59
2014-03-12;563,42
2014-03-13;568,17
2014-03-14;569,59
2014-03-17;565,68
2014-03-18;563,75
2014-03-19;560,72
2014-03-20;552,26
2014-03-21;562,41
2014-03-24;564,21
2014-03-25;570,1
2014-03-26;579,46
2014-03-27;585,51
2014-03-28;596,3
2014-03-31;589,92
2014-04-01;589,08
2014-04-02;588,23
2014-04-03;590,87
2014-04-04;590,02
2014-04-07;592,99
2014-04-08;595,64
2014-04-09;601,05
2014-04-10;601,39
2014-04-11;600,54
2014-04-14;601,23
2014-04-15;600,39
2014-04-16;603,06
2014-04-17;604,57
2014-04-22;605,52
2014-04-23;610,62
2014-04-24;614,55
2014-04-25;618,51
2014-04-28;620,38
2014-04-29;615,84
2014-04-30;619,8
2014-05-02;626,41
2014-05-05;642,04
2014-05-06;642,37
2014-05-07;656,76
2014-05-08;667,52
2014-05-09;661,99
2014-05-12;659,99
2014-05-13;655,13
2014-05-14;656,73
2014-05-15;671,41
2014-05-16;665,1
2014-05-19;665,57
2014-05-20;668,45
2014-05-21;672,67
2014-05-22;686,31
2014-05-23;690,64
2014-05-26;687,06
2014-05-27;687,32
2014-05-28;679,53
2014-05-29;687,86
2014-05-30;699,04
2014-06-02;707,83
2014-06-03;691,59
2014-06-04;681,08
2014-06-05;680,01
2014-06-06;676,23
2014-06-09;702,42
2014-06-10;697,19
2014-06-11;693,36
2014-06-12;701,85
2014-06-13;702,12
2014-06-16;715,11
2014-06-17;694,6
2014-06-18;686,72
2014-06-20;689,78
2014-06-23;683,48
2014-06-24;685,07
2014-06-25;692,07
2014-06-26;693,68
2014-06-27;702,14
2014-06-30;688,95
2014-07-01;685,17
2014-07-02;690,81
2014-07-03;684,34
2014-07-04;689,96
2014-07-07;693,1
2014-07-08;696,18
2014-07-09;700,54
2014-07-10;700,8
2014-07-11;696,96
2014-07-14;697,4
2014-07-15;700,4
2014-07-16;696,53
2014-07-17;699,48
2014-07-18;695,61
2014-07-21;719,46
2014-07-22;732,46
2014-07-23;748,39
2014-07-24;735,52
2014-07-25;728,56
2014-07-28;733,1
2014-07-29;727,58
2014-07-30;720,71
2014-07-31;709,74
2014-08-01;701,67
2014-08-04;692,41
2014-08-05;704,86
2014-08-06;691,45
2014-08-07;712,16
2014-08-08;704,85
2014-08-11;713,31
2014-08-12;716,27
2014-08-13;712,27
2014-08-14;697,35
2014-08-15;711,22
2014-08-18;741,27
2014-08-19;754,63
2014-08-20;751,92
2014-08-21;744,87
2014-08-22;735,01
2014-08-25;751,29
2014-08-26;760,36
2014-08-27;769,55
2014-08-28;794,21
2014-08-29;796,0
2014-09-01;802,61
2014-09-02;809,15
2014-09-03;833,48
2014-09-04;825,6
2014-09-05;816,22
2014-09-08;813,4
2014-09-09;794,81
2014-09-10;775,15
2014-09-11;778,42
2014-09-12;781,69
2014-09-15;739,17
2014-09-16;739,44
2014-09-17;754,22
2014-09-18;754,49
2014-09-19;746,02
2014-09-22;750,97
2014-09-23;725,48
2014-09-24;731,41
2014-09-25;743,14
2014-09-26;739,11
2014-09-29;710,16
2014-09-30;691,48
2014-10-01;706,62
2014-10-02;700,1
2014-10-03;708,55
2014-10-06;775,09
2014-10-07;756,09
2014-10-08;774,77
2014-10-09;772,09
2014-10-10;779,94
2014-10-13;802,05
2014-10-14;800,82
2014-10-15;794,95
2014-10-16;757,66
2014-10-17;784,84
2014-10-20;796,12
2014-10-21;739,98
2014-10-22;738,8
2014-10-23;733,4
2014-10-24;721,06
2014-10-27;744,18
2014-10-28;712,19
2014-10-29;736,19
2014-10-30;737,9
2014-10-31;728,3
2014-11-03;742,99
2014-11-04;730,5
2014-11-05;715,48
2014-11-06;729,67
2014-11-07;710,24
2014-11-10;705,26
2014-11-11;713,71
2014-11-12;703,09
2014-11-13;695,31
2014-11-14;683,68
2014-11-17;688,16
2014-11-18;688,47
2014-11-19;696,75
2014-11-20;721,46
2014-11-21;721,76
2014-11-24;763,71
2014-11-25;765,49
2014-11-26;771,72
2014-11-27;780,99
2014-11-28;784,32
2014-12-01;777,4
2014-12-02;755,61
2014-12-03;733,06
2014-12-04;741,85
2014-12-05;739,22
2014-12-08;748,33
2014-12-09;742,91
2014-12-10;731,91
2014-12-11;719,7
2014-12-12;706,37
2014-12-15;700,18
2014-12-16;688,6
2014-12-17;690,26
2014-12-18;693,25
2014-12-19;702,92
2014-12-22;709,03
2014-12-23;717,55
2014-12-24;716,54
2014-12-26;717,08
2014-12-29;719,17
2014-12-30;718,16
2014-12-31;725,41
2015-01-02;725,95
2015-01-05;726,68
2015-01-06;731,21
2015-01-07;744,25
2015-01-08;741,78
2015-01-09;743,5
2015-01-12;757,13
2015-01-13;747,45
2015-01-14;750,67
2015-01-15;751,03
2015-01-16;752,92
2015-01-19;761,15
2015-01-20;755,82
2015-01-21;770,84
2015-01-22;772,77
2015-01-23;762,98
2015-01-26;778,98
2015-01-27;773,54
2015-01-28;772,56
2015-01-29;770,1
2015-01-30;773,53
2015-02-02;762,92
2015-02-03;751,88
2015-02-04;752,36
2015-02-05;741,48
2015-02-06;734,94
2015-02-09;720,8
2015-02-10;722,63
2015-02-11;721,73
2015-02-12;712,69
2015-02-13;722,67
2015-02-18;722,84
2015-02-19;719,19
2015-02-20;723,73
2015-02-23;726,08
2015-02-24;727,9
2015-02-25;721,62
2015-02-26;730,31
2015-02-27;732,16
2015-03-02;768,73
2015-03-03;746,24
2015-03-04;731,34
2015-03-05;735,96
2015-03-06;727,43
2015-03-09;712,24
2015-03-10;710,05
2015-03-11;711,88
2015-03-12;719,11
2015-03-13;698,24
2015-03-16;713,97
2015-03-17;713,12
2015-03-18;729,95
2015-03-19;730,45
2015-03-20;709,26
2015-03-23;717,15
2015-03-24;721,72
2015-03-25;720,87
2015-03-26;721,37
2015-03-27;721,88
2015-03-30;718,98
2015-03-31;723,55
2015-04-01;735,04
2015-04-02;749,53
2015-04-06;748,25
2015-04-07;753,01
2015-04-08;751,61
2015-04-09;773,65
2015-04-10;769,81
2015-04-13;776,8
2015-04-14;778,78
2015-04-15;795,62
2015-04-16;802,0
2015-04-17;800,85
2015-04-20;794,16
2015-04-22;787,29
2015-04-23;790,64
2015-04-24;785,09
2015-04-27;784,38
2015-04-28;795,17
2015-04-29;792,56
2015-04-30;800,44
2015-05-04;790,94
2015-05-05;789,83
2015-05-06;790,21
2015-05-07;792,08
2015-05-08;795,27
2015-05-11;811,12
2015-05-12;803,91
2015-05-13;799,77
2015-05-14;803,16
2015-05-15;829,62
2015-05-18;838,09
2015-05-19;827,46
2015-05-20;826,25
2015-05-21;847,02
2015-05-22;848,96
2015-05-25;854,45
2015-05-26;842,04
2015-05-27;836,08
2015-05-28;825,51
2015-05-29;836,76
2015-06-01;829,59
2015-06-02;828,38
2015-06-03;822,53
2015-06-05;823,01
2015-06-08;819,04
2015-06-09;830,19
2015-06-10;833,34
2015-06-11;824,41
2015-06-12;824,8
2015-06-15;831,78
2015-06-16;822,86
2015-06-17;826,31
2015-06-18;831,33
2015-06-19;828,59
2015-06-22;831,18
2015-06-23;833,16
2015-06-24;832,01
2015-06-25;832,43
2015-06-26;817,43
2015-06-29;821,34
2015-06-30;811,09
2015-07-01;808,48
2015-07-02;804,37
2015-07-03;807,79
2015-07-06;807,12
2015-07-07;800,04
2015-07-08;794,45
2015-07-09;787,5
2015-07-10;787,9
2015-07-13;785,78
2015-07-14;783,27
2015-07-15;780,76
2015-07-16;783,99
2015-07-17;785,77
2015-07-20;782,0
2015-07-21;785,23
2015-07-22;792,87
2015-07-23;764,49
2015-07-24;738,41
2015-07-27;744,51
2015-07-28;747,6
2015-07-29;747,94
2015-07-30;765,07
2015-07-31;747,23
2015-08-03;750,63
2015-08-04;735,87
2015-08-05;741,65
2015-08-06;728,43
2015-08-07;707,71
2015-08-10;700,55
2015-08-11;708,65
2015-08-12;710,29
2015-08-13;719,83
2015-08-14;721,49
2015-08-17;724,62
2015-08-18;730,24
2015-08-19;738,61
2015-08-20;729,41
2015-08-21;715,07
2015-08-24;683,27
2015-08-25;686,02
2015-08-26;686,26
2015-08-27;692,82
2015-08-28;689,26
2015-08-31;689,6
2015-09-01;682,31
2015-09-02;662,87
2015-09-03;641,68
2015-09-04;648,98
2015-09-08;643,46
2015-09-09;640,19
2015-09-10;633,41
2015-09-11;637,11
2015-09-14;643,26
2015-09-15;661,32
2015-09-16;662,81
2015-09-17;659,49
2015-09-18;668,24
2015-09-21;648,34
2015-09-22;632,32
2015-09-23;631,57
2015-09-24;611,55
2015-09-25;705,13
2015-09-28;689,14
2015-09-29;642,21
2015-09-30;671,16
2015-10-01;661,77
2015-10-02;663,27
2015-10-05;680,92
2015-10-06;676,29
2015-10-07;681,68
2015-10-08;666,07
2015-10-09;673,68
2015-10-13;662,22
2015-10-14;647,09
2015-10-15;658,04
2015-10-16;659,58
2015-10-19;656,65
2015-10-20;653,43
2015-10-21;658,53
2015-10-22;660,15
2015-10-23;671,37
2015-10-26;669,63
2015-10-27;682,25
2015-10-28;691,33
2015-10-29;694,21
2015-10-30;687,06
2015-11-03;691,7
2015-11-04;715,04
2015-11-05;731,18
2015-11-06;729,12
2015-11-09;721,98
2015-11-10;726,31
2015-11-11;733,32
2015-11-12;737,72
2015-11-13;743,5
2015-11-16;742,9
2015-11-17;744,6
2015-11-18;743,61
2015-11-19;741,27
2015-11-20;747,33
2015-11-23;748,19
2015-11-24;747,25
2015-11-25;727,62
2015-11-26;717,56
2015-11-27;716,68
2015-11-30;704,65
2015-12-01;702,51
2015-12-02;708,01
2015-12-03;716,14
2015-12-04;707,55
2015-12-07;707,09
2015-12-08;706,22
2015-12-09;703,48
2015-12-10;702,65
2015-12-11;696,77
2015-12-14;692,66
2015-12-15;684,41
2015-12-16;667,79
2015-12-17;673,01
2015-12-18;670,99
2015-12-21;673,11
2015-12-22;675,95
2015-12-23;682,46
2015-12-24;685,34
2015-12-28;686,44
2015-12-29;691,81
2015-12-30;690,99
2015-12-31;686,47
2016-01-04;687,56
2016-01-05;690,46
2016-01-06;698,36
2016-01-07;702,56
2016-01-08;690,18
2016-01-11;683,62
2016-01-12;687,72
2016-01-13;690,6
2016-01-14;684,85
2016-01-15;685,25
2016-01-18;682,41
2016-01-19;684,04
2016-01-20;667,53
2016-01-21;654,94
2016-01-22;648,36
2016-01-25;651,74
2016-01-26;652,16
2016-01-27;660,78
2016-01-28;660,02
2016-01-29;672,33
2016-02-01;675,63
2016-02-02;689,47
2016-02-03;674,09
2016-02-04;675,73
2016-02-05;677,02
2016-02-10;683,46
2016-02-11;685,16
2016-02-12;684,41
2016-02-15;696,53
2016-02-16;706,97
2016-02-17;698,62
2016-02-18;702,8
2016-02-19;688,35
2016-02-22;695,38
2016-02-23;704,53
2016-02-24;703,81
2016-02-25;709,28
2016-02-26;707,2
2016-02-29;704,35
2016-03-01;706,05
2016-03-02;701,48
2016-03-03;708,19
2016-03-04;810,13
2016-03-07;784,04
2016-03-08;770,63
2016-03-09;805,83
2016-03-10;823,79
2016-03-11;816,91
2016-03-14;831,16
2016-03-15;796,69
2016-03-16;767,72
2016-03-17;810,3
2016-03-18;832,69
2016-03-21;845,34
2016-03-22;853,29
2016-03-23;876,9
2016-03-24;847,79
2016-03-28;854,62
2016-03-29;859,56
2016-03-30;869,19
2016-03-31;863,33
2016-04-01;857,52
2016-04-04;864,29
2016-04-05;850,83
2016-04-06;849,66
2016-04-07;845,46
2016-04-08;853,12
2016-04-11;865,98
2016-04-12;869,42
2016-04-13;872,86
2016-04-14;895,33
2016-04-15;894,07
2016-04-18;915,86
2016-04-19;908,09
2016-04-20;887,62
2016-04-22;886,51
2016-04-25;879,32
2016-04-26;886,0
2016-04-27;887,96
2016-04-28;904,33
2016-04-29;904,71
2016-05-02;921,73
2016-05-03;913,92
2016-05-04;920,86
2016-05-05;922,89
2016-05-06;942,05
2016-05-09;934,46
2016-05-10;928,22
2016-05-11;955,54
2016-05-12;944,08
2016-05-13;959,8
2016-05-16;960,61
2016-05-17;962,76
2016-05-18;956,33
2016-05-19;928,19
2016-05-20;941,94
2016-05-23;932,94
2016-05-24;918,55
2016-05-25;922,26
2016-05-27;919,65
2016-05-30;905,93
2016-05-31;914,45
2016-06-01;905,19
2016-06-02;910,47
2016-06-03;914,15
2016-06-06;923,2
2016-06-07;925,28
2016-06-08;922,66
2016-06-09;929,69
2016-06-10;928,5
2016-06-13;919,58
2016-06-14;921,66
2016-06-15;927,03
2016-06-16;925,72
2016-06-17;927,69
2016-06-20;931,52
2016-06-21;933,51
2016-06-22;938,86
2016-06-23;935,87
2016-06-24;942,86
2016-06-27;946,78
2016-06-28;960,64
2016-06-29;964,4
2016-06-30;957,92
2016-07-01;956,56
2016-07-04;953,75
2016-07-05;947,35
2016-07-06;936,02
2016-07-07;931,41
2016-07-08;930,02
2016-07-11;943,82
2016-07-12;950,86
2016-07-13;954,57
2016-07-14;963,39
2016-07-15;974,0
2016-07-18;981,58
2016-07-19;988,92
2016-07-20;978,84
2016-07-21;982,68
2016-07-22;979,53
2016-07-25;973,26
2016-07-26;971,91
2016-07-27;982,63
2016-07-28;986,47
2016-07-29;992,07
2016-08-01;990,96
2016-08-02;994,83
2016-08-03;993,44
2016-08-04;1002,62
2016-08-05;1006,54
2016-08-08;1007,18
2016-08-09;1002,23
2016-08-10;1013,27
2016-08-11;1014,43
2016-08-12;1034,62
2016-08-15;1030,01
2016-08-16;1034,01
2016-08-17;1034,37
2016-08-18;1038,39
2016-08-19;1035,08
2016-08-22;1035,71
2016-08-24;1023,71
2016-08-25;1011,65
2016-08-26;1008,46
2016-08-29;996,75
2016-08-30;1005,93
2016-08-31;1001,0
2016-09-01;1001,37
2016-09-02;997,58
2016-09-05;1005,16
2016-09-06;1004,51
2016-09-08;1006,79
2016-09-09;1001,94
2016-09-12;992,09
2016-09-13;997,7
2016-09-14;982,44
2016-09-15;984,54
2016-09-16;979,71
2016-09-19;980,24
2016-09-20;978,85
2016-09-21;975,76
2016-09-22;988,12
2016-09-23;1003,87
2016-09-26;1009,59
2016-09-27;1009,89
2016-09-28;1013,73
2016-09-29;1021,16
2016-09-30;1019,67
2016-10-03;1027,28
2016-10-04;1045,74
2016-10-05;1036,92
2016-10-06;1048,18
2016-10-07;1042,07
2016-10-10;1046,04
2016-10-11;1044,47
2016-10-13;1044,76
2016-10-14;1048,68
2016-10-17;1049,17
2016-10-18;1055,04
2016-10-19;1055,39
2016-10-20;1061,29
2016-10-21;1067,23
2016-10-24;1062,07
2016-10-25;1067,99
2016-10-26;1057,17
2016-10-27;1041,01
2016-10-28;1030,49
2016-10-31;1027,42
2016-11-01;1029,54
2016-11-03;1026,38
2016-11-04;1030,29
2016-11-07;1034,41
2016-11-08;1040,17
2016-11-09;1029,43
2016-11-10;1026,16
2016-11-11;969,26
2016-11-14;953,06
2016-11-16;956,81
2016-11-17;973,91
2016-11-18;981,05
2016-11-21;981,67
2016-11-22;997,48
2016-11-23;990,94
2016-11-24;984,21
2016-11-25;971,0
2016-11-28;971,53
2016-11-29;976,92
2016-11-30;984,05
2016-12-01;982,68
2016-12-02;943,06
2016-12-05;958,37
2016-12-06;952,09
2016-12-07;962,35
2016-12-08;974,4
2016-12-09;988,99
2016-12-12;974,13
2016-12-13;982,87
2016-12-14;988,28
2016-12-15;980,07
2016-12-16;1004,46
2016-12-19;989,65
2016-12-20;1002,08
2016-12-21;1004,21
2016-12-22;1000,75
2016-12-23;1018,53
2016-12-26;1017,31
2016-12-27;1022,93
2016-12-28;1025,04
2016-12-29;1037,85
2016-12-30;1038,19
2017-01-02;1066,03
2017-01-03;1068,22
2017-01-04;1066,72
2017-01-05;1065,22
2017-01-06;1071,1
2017-01-09;1056,94
2017-01-10;1055,46
2017-01-11;1046,64
2017-01-12;1070,74
2017-01-13;1080,37
2017-01-16;1094,16
2017-01-17;1109,84
2017-01-18;1095,03
2017-01-19;1089,8
2017-01-20;1093,89
2017-01-23;1087,11
2017-01-24;1091,28
2017-01-26;1092,09
2017-01-27;1086,87
2017-01-30;1082,01
2017-01-31;1086,15
2017-02-01;1095,97
2017-02-02;1105,87
2017-02-03;1112,02
2017-02-06;1116,63
2017-02-07;1115,12
2017-02-08;1128,12
2017-02-09;1142,2
2017-02-10;1154,47
2017-02-13;1155,13
2017-02-14;1153,52
2017-02-15;1153,9
2017-02-16;1148,37
2017-02-17;1135,03
2017-02-20;1145,67
2017-02-21;1150,05
2017-02-22;1164,44
2017-02-23;1176,88
2017-02-24;1177,3
2017-03-01;1176,44
2017-03-02;1185,0
2017-03-03;1181,35
2017-03-06;1188,27
2017-03-07;1184,6
2017-03-08;1180,96
2017-03-09;1169,25
2017-03-10;1176,69
2017-03-13;1187,51
2017-03-14;1173,68
2017-03-15;1162,01
2017-03-16;1172,36
2017-03-17;1174,7
2017-03-20;1177,21
2017-03-21;1191,78
2017-03-22;1171,81
2017-03-23;1166,17
2017-03-24;1172,52
2017-03-27;1169,02
2017-03-28;1177,4
2017-03-29;1177,73
2017-03-30;1176,04
2017-03-31;1174,36
2017-04-03;1184,98
2017-04-04;1179,24
2017-04-05;1181,59
2017-04-06;1171,85
2017-04-07;1162,28
2017-04-10;1168,78
2017-04-11;1171,12
2017-04-12;1159,5
2017-04-13;1163,81
2017-04-17;1160,43
2017-04-18;1162,75
2017-04-19;1159,11
2017-04-20;1157,45
2017-04-24;1157,83
2017-04-25;1140,49
2017-04-26;1129,19
2017-04-27;1141,09
2017-04-28;1137,52
2017-05-02;1141,88
2017-05-03;1148,04
2017-05-04;1146,39
2017-05-05;1146,69
2017-05-08;1151,03
2017-05-09;1157,23
2017-05-10;1159,31
2017-05-11;1169,52
2017-05-12;1179,83
2017-05-15;1194,39
2017-05-16;1209,17
2017-05-17;1228,31
2017-05-18;1036,9
2017-05-19;1030,33
2017-05-22;1082,88
2017-05-23;1098,07
2017-05-24;1126,71
2017-05-25;1111,95
2017-05-26;1121,82
2017-05-29;1116,9
2017-05-30;1128,73
2017-05-31;1131,06
2017-06-01;1123,84
2017-06-02;1109,15
2017-06-05;1089,46
2017-06-06;1086,2
2017-06-07;1097,68
2017-06-08;1079,71
2017-06-09;1098,86
2017-06-12;1097,58
2017-06-13;1105,38
2017-06-14;1094,59
2017-06-16;1113,53
2017-06-19;1121,19
2017-06-20;1127,09
2017-06-21;1121,59
2017-06-22;1116,13
2017-06-23;1110,7
2017-06-26;1110,61
2017-06-27;1108,92
2017-06-28;1101,66
2017-06-29;1133,86
2017-06-30;1120,74
2017-07-03;1120,79
2017-07-04;1111,58
2017-07-05;1117,39
2017-07-06;1110,07
2017-07-07;1113,51
2017-07-10;1119,13
2017-07-11;1111,79
2017-07-12;1121,33
2017-07-13;1123,38
2017-07-14;1125,43
2017-07-17;1133,32
2017-07-18;1141,28
2017-07-19;1162,92
2017-07-20;1171,09
2017-07-21;1183,11
2017-07-24;1181,48
2017-07-25;1177,8
2017-07-26;1170,18
2017-07-27;1182,33
2017-07-28;1180,63
2017-07-31;1173,07
2017-08-01;1183,26
2017-08-02;1179,58
2017-08-03;1197,85
2017-08-04;1202,17
2017-08-07;1212,68
2017-08-08;1204,84
2017-08-09;1198,4
2017-08-10;1192,71
2017-08-11;1193,05
2017-08-14;1191,57
2017-08-15;1185,93
2017-08-16;1198,38
2017-08-17;1198,83
2017-08-18;1201,3
2017-08-21;1198,13
2017-08-22;1196,58
2017-08-23;1195,03
2017-08-24;1194,99
2017-08-25;1197,4
2017-08-28;1202,11
2017-08-29;1194,48
2017-08-30;1200,9
2017-08-31;1197,28
2017-09-01;1209,77
2017-09-04;1208,45
2017-09-05;1221,05
2017-09-06;1232,03
2017-09-08;1242,8
2017-09-11;1247,44
2017-09-12;1245,68
2017-09-13;1246,0
2017-09-14;1242,16
2017-09-15;1238,34
2017-09-18;1236,81
2017-09-19;1241,3
2017-09-20;1239,57
2017-09-21;1244,07
2017-09-22;1243,98
2017-09-25;1236,06
2017-09-26;1236,34
2017-09-27;1236,63
2017-09-28;1238,98
2017-09-29;1237,2
2017-10-02;1237,56
2017-10-03;1237,84
2017-10-04;1242,27
2017-10-05;1232,24
2017-10-06;1224,94
2017-10-09;1241,82
2017-10-10;1250,45
2017-10-11;1242,45
2017-10-13;1236,64
2017-10-16;1231,04
2017-10-17;1237,63
2017-10-18;1244,26
2017-10-19;1240,55
2017-10-20;1247,19
2017-10-23;1243,93
2017-10-24;1244,37
2017-10-25;1230,42
2017-10-26;1224,74
2017-10-27;1201,03
2017-10-30;1226,0
2017-10-31;1206,27
2017-11-01;1212,73
2017-11-03;1199,36
2017-11-06;1198,18
2017-11-07;1194,66
2017-11-08;1199,06
2017-11-09;1203,47
2017-11-10;1193,39
2017-11-13;1186,26
2017-11-14;1194,54
2017-11-16;1175,58
2017-11-17;1189,69
2017-11-21;1194,91
2017-11-22;1197,34
2017-11-23;1197,79
2017-11-24;1187,96
2017-11-27;1186,7
2017-11-28;1191,02
2017-11-29;1195,35
2017-11-30;1182,04
2017-12-01;1174,68
2017-12-04;1183,13
2017-12-05;1175,76
2017-12-06;1178,1
2017-12-07;1170,77
2017-12-08;1180,03
2017-12-11;1182,55
2017-12-12;1173,24
2017-12-13;1185,23
2017-12-14;1179,77
2017-12-15;1174,33
2017-12-18;1182,63
2017-12-19;1175,25
2017-12-20;1179,47
2017-12-21;1185,65
2017-12-22;1191,84
2017-12-26;1180,81
2017-12-27;1192,85
2017-12-28;1189,29
2017-12-29;1189,65
2018-01-02;1190,3
2018-01-03;1204,4
2018-01-04;1204,76
2018-01-05;1207,09
2018-01-08;1209,63
2018-01-09;1208,01
2018-01-10;1206,23
2018-01-11;1210,61
2018-01-12;1229,03
2018-01-15;1237,9
2018-01-16;1230,2
2018-01-17;1246,84
2018-01-18;1245,19
2018-01-19;1257,89
2018-01-22;1254,46
2018-01-23;1248,71
2018-01-24;1249,25
2018-01-26;1300,21
2018-01-29;1286,11
2018-01-30;1286,53
2018-01-31;1282,74
2018-02-01;1283,15
2018-02-05;1269,68
2018-02-06;1257,71
2018-02-07;1268,44
2018-02-08;1261,68
2018-02-09;1262,06
2018-02-14;1260,84
2018-02-15;1261,22
2018-02-16;1278,24
2018-02-19;1287,43
2018-02-20;1285,77
2018-02-21;1277,84
2018-02-22;1274,12
2018-02-23;1289,2
2018-02-26;1279,53
2018-02-27;1283,76
2018-02-28;1282,08
2018-03-01;1267,94
2018-03-02;1278,72
2018-03-05;1285,7
2018-03-06;1288,21
2018-03-07;1278,17
2018-03-08;1282,75
2018-03-09;1283,05
2018-03-12;1292,14
2018-03-13;1288,34
2018-03-14;1290,85
2018-03-15;1287,06
2018-03-16;1287,38
2018-03-19;1289,91
2018-03-20;1283,95
2018-03-21;1267,69
2018-03-22;1288,76
2018-03-23;1280,74
2018-03-26;1287,38
2018-03-27;1279,36
2018-03-28;1277,6
2018-03-29;1259,41
2018-04-02;1268,07
2018-04-03;1270,44
2018-04-04;1240,27
2018-04-05;1269,01
2018-04-06;1244,92
2018-04-09;1241,32
2018-04-10;1245,23
2018-04-11;1237,51
2018-04-12;1255,93
2018-04-13;1252,18
2018-04-16;1258,73
2018-04-17;1261,16
2018-04-18;1261,56
2018-04-19;1261,95
2018-04-20;1258,28
2018-04-23;1256,78
2018-04-24;1257,16
2018-04-25;1237,43
2018-04-26;1255,89
2018-04-27;1262,36
2018-04-30;1254,86
2018-05-02;1251,32
2018-05-03;1255,74
2018-05-04;1240,05
2018-05-07;1248,66
2018-05-08;1245,03
2018-05-09;1219,66
2018-05-10;1231,24
2018-05-11;1241,53
2018-05-14;1232,13
2018-05-15;1207,04
2018-05-16;1234,87
2018-05-17;1243,24
2018-05-18;1217,99
2018-05-21;1207,03
2018-05-22;1217,14
2018-05-23;1207,84
2018-05-24;1208,25
2018-05-25;1223,69
2018-05-28;1202,86
2018-05-29;1193,64
2018-05-30;1195,9
2018-06-01;1186,83
2018-06-04;1198,79
2018-06-05;1159,63
2018-06-06;1148,94
2018-06-07;1138,37
2018-06-08;1158,51
2018-06-11;1179,72
2018-06-12;1157,8
2018-06-13;1149,04
2018-06-14;1167,89
2018-06-15;1140,77
2018-06-18;1138,41
2018-06-19;1142,63
2018-06-20;1180,16
2018-06-21;1160,31
2018-06-22;1155,39
2018-06-25;1158,05
2018-06-26;1181,09
2018-06-27;1166,92
2018-06-28;1163,97
2018-06-29;1168,42
2018-07-02;1183,2
2018-07-03;1189,61
2018-07-04;1184,71
2018-07-05;1194,92
2018-07-06;1184,51
2018-07-10;1202,19
2018-07-11;1204,87
2018-07-12;1201,83
2018-07-13;1195,0
2018-07-16;1194,52
2018-07-17;1179,9
2018-07-18;1191,57
2018-07-19;1182,59
2018-07-20;1215,27
2018-07-23;1204,26
2018-07-24;1202,74
2018-07-25;1208,86
2018-07-26;1203,52
2018-07-27;1205,81
2018-07-30;1208,35
2018-07-31;1204,92
2018-08-01;1203,41
2018-08-02;1201,9
2018-08-03;1217,57
2018-08-06;1227,86
2018-08-07;1224,38
2018-08-08;1223,12
2018-08-09;1200,57
2018-08-10;1191,55
2018-08-13;1173,57
2018-08-14;1234,7
2018-08-15;1213,86
2018-08-16;1245,18
2018-08-17;1227,9
2018-08-20;1235,99
2018-08-21;1228,5
2018-08-22;1196,34
2018-08-23;1236,84
2018-08-24;1231,19
2018-08-27;1239,25
2018-08-28;1225,93
2018-08-29;1207,08
2018-08-30;1213,06
2018-08-31;1203,84
2018-09-03;1194,69
2018-09-04;1196,85
2018-09-05;1191,5
2018-09-06;1204,17
2018-09-10;1213,79
2018-09-11;1183,95
2018-09-12;1208,57
2018-09-13;1199,37
2018-09-14;1199,61
2018-09-17;1181,46
2018-09-18;1183,71
2018-09-19;1184,11
2018-09-20;1188,22
2018-09-21;1197,96
2018-09-24;1178,46
2018-09-25;1171,55
2018-09-26;1179,33
2018-09-27;1181,6
2018-09-28;1182,04
2018-10-01;1182,79
2018-10-02;1198,09
2018-10-03;1219,31
2018-10-04;1204,6
2018-10-05;1247,85
2018-10-08;1278,39
2018-10-09;1272,88
2018-10-10;1279,35
2018-10-11;1291,91
2018-10-15;1290,99
2018-10-16;1313,91
2018-10-17;1310,28
2018-10-18;1316,94
2018-10-19;1323,63
2018-10-22;1332,85
2018-10-23;1333,34
2018-10-24;1327,76
2018-10-25;1324,12
2018-10-26;1335,03
2018-10-29;1378,51
2018-10-30;1353,35
2018-10-31;1351,74
2018-11-01;1352,26
2018-11-05;1345,03
2018-11-06;1343,44
2018-11-07;1359,96
2018-11-08;1339,34
2018-11-09;1329,39
2018-11-12;1351,18
2018-11-13;1349,54
2018-11-14;1343,71
2018-11-16;1367,44
2018-11-19;1365,51
2018-11-20;1365,77
2018-11-21;1359,64
2018-11-22;1374,83
2018-11-23;1385,86
2018-11-26;1379,44
2018-11-27;1356,22
2018-11-28;1375,62
2018-11-29;1356,7
2018-11-30;1373,96
2018-12-03;1380,56
2018-12-04;1357,35
2018-12-05;1370,33
2018-12-06;1347,31
2018-12-07;1375,91
2018-12-10;1354,66
2018-12-11;1359,07
2018-12-12;1371,99
2018-12-13;1367,91
2018-12-14;1370,22
2018-12-17;1381,18
2018-12-18;1387,96
2018-12-19;1392,6
2018-12-20;1392,92
2018-12-21;1391,08
2018-12-24;1389,33
2018-12-26;1394,02
2018-12-27;1392,18
2018-12-28;1390,34
2019-01-02;1408,5
2019-01-03;1408,83
2019-01-04;1402,6
2019-01-07;1431,61
2019-01-08;1443,09
2019-01-09;1445,66
2019-01-10;1459,52
2019-01-11;1478,74
2019-01-14;1465,51
2019-01-15;1493,44
2019-01-16;1486,96
2019-01-17;1482,81
2019-01-18;1494,83
2019-01-21;1488,73
2019-01-22;1500,8
2019-01-23;1491,98
2019-01-24;1504,03
2019-01-25;1497,5
2019-01-28;1500,66
2019-01-29;1505,79
2019-01-30;1510,93
2019-01-31;1530,27
2019-02-01;1530,73
2019-02-04;1541,12
2019-02-05;1539,19
2019-02-06;1520,68
2019-02-07;1518,79
2019-02-08;1511,39
2019-02-11;1502,8
2019-02-12;1503,24
2019-02-13;1517,69
2019-02-14;1522,82
2019-02-15;1537,46
2019-02-18;1538,29
2019-02-19;1550,7
2019-02-20;1551,17
2019-02-21;1530,18
2019-02-22;1533,01
2019-02-25;1540,97
2019-02-26;1527,2
2019-02-27;1530,02
2019-02-28;1539,96
2019-03-01;1540,42
2019-03-06;1534,51
2019-03-07;1549,25
2019-03-08;1552,11
2019-03-11;1569,81
2019-03-12;1571,54
2019-03-13;1579,35
2019-03-14;1565,3
2019-03-15;1565,81
2019-03-18;1583,8
2019-03-19;1591,66
2019-03-20;1587,27
2019-03-21;1587,79
2019-03-22;1549,64
2019-03-25;1550,62
2019-03-26;1567,93
2019-03-27;1533,32
2019-03-28;1517,48
2019-03-29;1553,43
2019-04-01;1568,98
2019-04-02;1562,32
2019-04-03;1565,29
2019-04-04;1551,5
2019-04-05;1556,84
2019-04-08;1560,38
2019-04-09;1553,78
2019-04-10;1556,55
2019-04-11;1538,22
2019-04-12;1536,52
2019-04-15;1535,55
2019-04-16;1533,76
2019-04-17;1541,38
2019-04-18;1549,03
2019-04-22;1552,8
2019-04-23;1555,73
2019-04-24;1568,25
2019-04-25;1556,85
2019-04-26;1567,37
2019-04-29;1578,23
2019-04-30;1578,83
2019-05-02;1574,92
2019-05-03;1582,77
2019-05-06;1588,86
2019-05-07;1594,32
2019-05-08;1597,37
2019-05-09;1597,97
2019-05-10;1610,3
2019-05-13;1606,57
2019-05-14;1607,16
2019-05-15;1617,59
2019-05-16;1618,02
2019-05-17;1613,51
2019-05-20;1606,87
2019-05-21;1622,08
2019-05-22;1634,94
2019-05-23;1622,94
2019-05-24;1640,8
2019-05-27;1638,72
2019-05-28;1644,13
2019-05-29;1672,38
2019-05-30;1680,46
2019-05-31;1704,12
2019-06-03;1707,4
2019-06-04;1728,8
2019-06-05;1718,67
2019-06-06;1716,45
2019-06-07;1718,08
2019-06-10;1718,57
2019-06-11;1726,8
2019-06-12;1729,78
2019-06-13;1727,48
2019-06-14;1725,19
2019-06-17;1730,82
2019-06-18;1749,67
2019-06-19;1731,37
2019-06-21;1763,63
2019-06-24;1763,91
2019-06-25;1766,88
2019-06-26;1774,99
2019-06-27;1777,95
2019-06-28;1805,52
2019-07-01;1825,12
2019-07-02;1822,58
2019-07-03;1800,72
2019-07-04;1817,52
2019-07-05;1798,47
2019-07-08;1809,68
2019-07-09;1807,17
2019-07-10;1816,3
2019-07-11;1816,56
2019-07-12;1816,83
2019-07-15;1811,59
2019-07-16;1806,48
2019-07-17;1795,92
2019-07-18;1793,59
2019-07-19;1788,55
2019-07-22;1794,66
2019-07-23;1806,0
2019-07-24;1817,35
2019-07-25;1826,04
2019-07-26;1812,62
2019-07-29;1824,32
2019-07-30;1824,71
2019-07-31;1819,57
2019-08-01;1825,49
2019-08-02;1806,61
2019-08-05;1796,34
2019-08-06;1813,14
2019-08-07;1824,55
2019-08-08;1838,4
2019-08-09;1838,78
2019-08-12;1819,98
2019-08-13;1839,75
2019-08-14;1834,56
2019-08-15;1837,72
2019-08-16;1843,66
2019-08-19;1847,02
2019-08-20;1836,23
2019-08-21;1850,54
2019-08-22;1839,74
2019-08-23;1834,36
2019-08-26;1832,08
2019-08-27;1818,64
2019-08-28;1797,16
2019-08-29;1792,1
2019-08-30;1797,85
2019-09-02;1806,5
2019-09-03;1804,12
2019-09-04;1818,11
2019-09-05;1826,69
2019-09-06;1818,54
2019-09-09;1824,48
2019-09-10;1813,85
2019-09-11;1814,19
2019-09-12;1828,22
2019-09-13;1820,32
2019-09-16;1818,04
2019-09-17;1818,37
2019-09-18;1843,48
2019-09-19;1860,52
2019-09-20;1855,26
2019-09-23;1864,1
2019-09-24;1872,86
2019-09-25;1855,92
2019-09-26;1878,67
2019-09-27;1884,61
2019-09-30;1882,09
2019-10-01;1876,72
2019-10-02;1877,0
2019-10-03;1891,43
2019-10-04;1897,41
2019-10-07;1892,03
2019-10-08;1895,15
2019-10-09;1883,03
2019-10-10;1888,93
2019-10-11;1909,11
2019-10-14;1920,79
2019-10-15;1923,91
2019-10-16;1921,32
2019-10-17;1933,18
2019-10-18;1950,96
2019-10-21;1957,2
2019-10-22;1963,37
2019-10-23;1963,76
2019-10-24;1964,06
2019-10-25;1976,19
2019-10-28;1973,63
2019-10-29;1985,81
2019-10-30;1995,07
2019-10-31;2016,43
2019-11-01;2031,92
2019-11-04;2047,64
2019-11-05;2038,73
2019-11-06;2032,92
2019-11-07;2027,42
2019-11-08;1991,6
2019-11-11;1980,16
2019-11-12;1974,55
2019-11-13;1968,97
2019-11-14;1966,35
2019-11-18;1973,34
2019-11-19;1962,09
2019-11-21;1954,35
2019-11-22;1957,79
2019-11-25;1961,88
2019-11-26;1927,62
2019-11-27;1928,14
2019-11-28;1903,01
2019-11-29;1929,2
2019-12-02;1915,96
2019-12-03;1925,06
2019-12-04;1925,59
2019-12-05;1920,4
2019-12-06;1927,86
2019-12-09;1933,25
2019-12-10;1936,88
2019-12-11;1960,81
2019-12-12;1965,59
2019-12-13;1974,97
2019-12-16;1976,39
2019-12-17;1956,69
2019-12-18;1928,61
2019-12-19;1917,95
2019-12-20;1898,91
2019-12-23;1907,56
2019-12-26;1915,68
2019-12-27;1922,27
2019-12-30;1933,04
2020-01-02;1949,89
2020-01-03;1933,58
2020-01-06;1935,8
2020-01-07;1928,15
2020-01-08;1931,92
2020-01-09;1935,69
2020-01-10;1935,36
2020-01-13;1943,5
2020-01-14;1930,19
2020-01-15;1956,98
2020-01-16;1940,21
2020-01-17;1934,98
2020-01-20;1933,03
2020-01-21;1919,32
2020-01-22;1919,8
2020-01-23;1928,78
2020-01-24;1937,69
2020-01-27;1938,56
2020-01-28;1939,02
2020-01-29;1956,69
2020-01-30;1960,04
2020-01-31;1957,63
2020-02-03;1955,62
2020-02-04;1958,97
2020-02-05;1971,0
2020-02-06;1988,94
2020-02-07;1976,13
2020-02-10;1976,8
2020-02-11;1994,71
2020-02-12;1995,11
2020-02-13;1986,73
2020-02-14;1995,9
2020-02-17;2008,26
2020-02-18;1999,79
2020-02-19;2000,14
2020-02-20;2015,24
2020-02-21;1995,04
2020-02-26;1978,34
2020-02-27;1949,94
2020-02-28;1958,89
2020-03-02;1988,37
2020-03-03;1982,92
2020-03-04;1989,1
2020-03-05;1983,65
2020-03-06;1932,49
2020-03-09;1927,42
2020-03-10;1877,85
2020-03-11;1904,66
2020-03-12;1605,6
2020-03-13;1754,05
2020-03-16;1709,57
2020-03-17;1772,95
2020-03-18;1683,32
2020-03-19;1619,38
2020-03-20;1596,6
2020-03-23;1615,57
2020-03-24;1597,44
2020-03-25;1609,33
2020-03-26;1654,31
2020-03-27;1685,95
2020-03-30;1710,92
2020-03-31;1689,22
2020-04-01;1663,03
2020-04-02;1665,79
2020-04-03;1642,37
2020-04-06;1642,84
2020-04-07;1652,67
2020-04-08;1624,8
2020-04-09;1645,76
2020-04-13;1660,46
2020-04-14;1663,18
2020-04-15;1675,51
2020-04-16;1712,29
2020-04-17;1747,4
2020-04-20;1745,12
2020-04-22;1780,9
2020-04-23;1770,94
2020-04-24;1725,95
2020-04-27;1679,76
2020-04-28;1672,83
2020-04-29;1737,79
2020-04-30;1742,97
2020-05-04;1703,23
2020-05-05;1745,45
2020-05-06;1713,38
2020-05-07;1718,48
2020-05-08;1688,08
2020-05-11;1675,82
2020-05-12;1697,66
2020-05-13;1654,67
2020-05-14;1617,45
2020-05-15;1652,57
2020-05-18;1676,04
2020-05-19;1688,15
2020-05-20;1700,35
2020-05-21;1705,31
2020-05-22;1727,48
2020-05-25;1759,56
2020-05-26;1777,36
2020-05-27;1746,65
2020-05-28;1734,26
2020-05-29;1749,23
2020-06-01;1741,29
2020-06-02;1753,81
2020-06-03;1763,9
2020-06-04;1771,51
2020-06-05;1786,79
2020-06-08;1781,21
2020-06-09;1778,7
2020-06-10;1784,87
2020-06-12;1789,82
2020-06-15;1784,36
2020-06-16;1813,02
2020-06-17;1805,69
2020-06-18;1795,84
2020-06-19;1793,7
2020-06-22;1781,64
2020-06-23;1779,53
2020-06-24;1777,42
2020-06-25;1765,24
2020-06-26;1786,2
2020-06-29;1776,84
2020-06-30;1792,53
2020-07-01;1808,35
2020-07-02;1821,72
2020-07-03;1832,58
2020-07-06;1857,01
2020-07-07;1846,91
2020-07-08;1836,88
2020-07-09;1845,19
2020-07-10;1869,28
2020-07-13;1888,78
2020-07-14;1878,5
2020-07-15;1886,98
2020-07-16;1887,58
2020-07-17;1912,51
2020-07-20;1930,15
2020-07-21;1917,05
2020-07-22;1925,86
2020-07-23;1926,45
2020-07-24;1940,8
2020-07-27;1938,23
2020-07-28;1947,03
2020-07-29;1955,87
2020-07-30;1945,28
2020-07-31;1984,92
2020-08-03;1985,91
2020-08-04;1986,41
2020-08-05;1992,58
2020-08-06;1956,61
2020-08-07;1970,92
2020-08-10;1957,93
2020-08-11;1928,12
2020-08-12;1906,89
2020-08-13;1920,95
2020-08-14;1878,44
2020-08-17;1889,75
2020-08-18;1927,91
2020-08-19;1933,73
2020-08-20;1874,87
2020-08-21;1915,39
2020-08-24;1937,69
2020-08-25;1916,25
2020-08-26;1911,81
2020-08-27;1917,63
2020-08-28;1920,76
2020-08-31;1907,92
2020-09-01;1900,28
2020-09-02;1911,44
2020-09-03;1909,17
2020-09-04;1928,52
2020-09-08;1902,33
2020-09-09;1916,65
2020-09-10;1909,0
2020-09-11;1893,38
2020-09-14;1899,45
2020-09-15;1891,88
2020-09-16;1884,37
2020-09-17;1866,37
2020-09-18;1866,82
2020-09-21;1810,87
2020-09-22;1836,87
2020-09-23;1837,31
2020-09-24;1826,25
2020-09-25;1852,6
2020-09-28;1864,22
2020-09-29;1798,22
2020-09-30;1811,42
2020-10-01;1822,17
2020-10-02;1845,84
2020-10-05;1793,66
2020-10-06;1824,55
2020-10-07;1802,38
2020-10-08;1792,94
2020-10-09;1820,89
2020-10-13;1843,19
2020-10-14;1846,46
2020-10-15;1826,66
2020-10-16;1827,34
2020-10-19;1846,69
2020-10-20;1857,7
2020-10-21;1855,79
2020-10-22;1848,73
2020-10-23;1851,99
2020-10-26;1836,56
2020-10-27;1832,24
2020-10-28;1807,73
2020-10-29;1821,11
2020-10-30;1821,89
2020-11-03;1836,8
2020-11-04;1837,58
2020-11-05;1843,47
2020-11-06;1857,76
2020-11-09;1901,4
2020-11-10;1902,23
2020-11-11;1861,23
2020-11-12;1867,22
2020-11-13;1852,56
2020-11-16;1872,26
2020-11-17;1849,64
2020-11-18;1847,67
2020-11-19;1830,45
2020-11-20;1846,31
2020-11-23;1829,68
2020-11-24;1832,8
2020-11-25;1845,39
2020-11-26;1851,28
2020-11-27;1875,25
2020-11-30;1887,41
2020-12-01;1890,81
2020-12-02;1907,36
2020-12-03;1908,15
2020-12-04;1930,18
2020-12-07;1945,37
2020-12-08;1937,2
2020-12-09;1948,82
2020-12-10;1968,66
2020-12-11;1977,73
2020-12-14;2004,6
2020-12-15;2019,42
2020-12-16;2031,75
2020-12-17;2044,15
2020-12-18;2039,61
2020-12-21;2031,1
2020-12-22;2054,83
2020-12-23;2061,38
2020-12-28;2068,82
2020-12-29;2075,65
2020-12-30;2082,49
2021-01-04;2092,89
2021-01-05;2088,21
2021-01-06;2057,8
2021-01-07;2064,58
2021-01-08;2057,14
2021-01-11;2031,63
2021-01-12;2026,86
2021-01-13;2050,51
2021-01-14;2048,86
2021-01-15;2052,87
2021-01-18;2045,24
2021-01-19;2051,35
2021-01-20;2015,48
2021-01-21;2024,28
2021-01-22;1997,15
2021-01-26;2014,97
2021-01-27;2010,15
2021-01-28;2021,71
2021-01-29;2055,78
2021-02-01;2076,54
2021-02-02;2057,17
2021-02-03;2060,49
2021-02-04;2078,02
2021-02-05;2067,14
2021-02-08;2068,04
2021-02-09;2053,58
2021-02-10;2042,83
2021-02-11;2060,14
2021-02-12;2049,35
2021-02-17;2034,35
2021-02-18;2046,29
2021-02-19;2033,13
2021-02-22;1996,34
2021-02-23;2024,55
2021-02-24;2014,31
2021-02-25;1979,69
2021-02-26;2007,64
2021-03-01;1982,17
2021-03-02;1958,81
2021-03-03;1956,92
2021-03-04;2036,51
2021-03-05;2004,27
2021-03-08;2027,96
2021-03-09;2009,51
2021-03-10;2032,28
2021-03-11;2050,43
2021-03-12;2023,65
2021-03-15;2034,09
2021-03-16;2043,29
2021-03-17;2027,58
2021-03-18;2047,84
2021-03-19;2021,1
2021-03-22;1977,03
2021-03-23;1959,25
2021-03-24;1960,12
2021-03-25;1908,7
2021-03-26;1957,67
2021-03-29;1957,3
2021-03-30;1982,24
2021-03-31;1964,55
2021-04-01;1968,18
2021-04-05;1965,81
2021-04-06;1966,79
2021-04-07;1957,18
2021-04-08;1968,75
2021-04-09;1965,34
2021-04-12;1964,78
2021-04-13;1960,4
2021-04-14;1945,52
2021-04-15;1946,43
2021-04-16;1962,79
2021-04-19;1969,17
2021-04-20;1948,67
2021-04-22;1952,13
2021-04-23;1976,48
2021-04-26;1980,23
2021-04-27;2010,34
2021-04-28;2004,65
2021-04-29;1994,4
2021-04-30;2008,37
2021-05-03;1966,55
2021-05-04;1980,31
2021-05-05;1949,2
2021-05-06;1949,72
2021-05-07;1934,62
2021-05-10;1953,74
2021-05-11;1951,98
2021-05-12;1960,36
2021-05-13;1960,89
2021-05-14;1961,42
2021-05-17;1949,75
2021-05-18;1982,08
2021-05-19;1930,54
2021-05-20;1954,66
2021-05-21;1955,43
2021-05-24;1957,08
2021-05-25;1960,47
2021-05-26;1950,87
2021-05-27;1949,04
2021-05-28;1957,63
2021-05-31;1969,78
2021-06-01;1983,75
2021-06-02;1976,61
2021-06-04;1991,07
2021-06-07;2006,09
2021-06-08;2004,2
2021-06-09;2009,59
2021-06-10;2005,1
2021-06-11;2000,62
2021-06-14;1989,27
2021-06-15;2003,42
2021-06-16;1993,48
2021-06-17;2023,59
2021-06-18;1986,94
2021-06-21;1983,11
2021-06-22;1973,3
2021-06-23;1981,88
2021-06-24;1990,49
2021-06-25;2001,8
2021-06-28;1984,89
2021-06-29;2012,13
2021-06-30;2002,19
2021-07-01;2000,26
2021-07-02;2006,29
2021-07-05;2013,11
2021-07-06;2011,16
2021-07-07;2022,57
2021-07-08;2017,17
2021-07-12;1992,71
2021-07-13;1993,39
2021-07-14;2002,01
2021-07-15;1994,77
2021-07-16;2022,15
2021-07-19;2018,66
2021-07-20;2030,21
2021-07-21;2031,05
2021-07-22;2026,53
2021-07-23;2024,69
2021-07-26;2024,94
2021-07-27;2007,26
2021-07-28;2000,28
2021-07-29;1998,57
2021-07-30;1994,25
2021-08-02;1983,28
2021-08-03;1958,3
2021-08-04;1998,25
2021-08-05;1993,93
2021-08-06;1948,26
2021-08-09;1955,48
2021-08-10;1941,56
2021-08-11;1950,16
2021-08-12;1935,83
2021-08-13;1911,59
2021-08-16;1891,07
2021-08-17;1881,9
2021-08-18;1877,69
2021-08-19;1834,8
2021-08-20;1852,3
2021-08-23;1873,08
2021-08-24;1886,01
2021-08-25;1896,57
2021-08-26;1940,57
2021-08-27;1926,19
2021-08-30;1935,33
2021-08-31;1923,51
2021-09-01;1911,77
2021-09-02;1915,02
2021-09-03;1913,29
2021-09-06;1899,98
2021-09-08;1891,28
2021-09-09;1868,34
2021-09-10;1905,99
2021-09-13;1927,89
2021-09-14;1916,3
2021-09-15;1927,18
2021-09-16;1928,17
2021-09-17;1911,71
2021-09-20;1891,74
2021-09-21;1929,9
2021-09-22;1920,9
2021-09-23;1924,39
2021-09-24;1885,89
2021-09-27;1890,56
2021-09-28;1881,28
2021-09-29;1892,17
2021-09-30;1888,42
2021-10-01;1877,39
2021-10-04;1892,23
2021-10-05;1883,62
2021-10-06;1863,0
2021-10-07;1883,46
2021-10-08;1886,03
2021-10-11;1866,79
2021-10-13;1880,67
2021-10-14;1886,62
2021-10-15;1865,97
2021-10-18;1850,87
2021-10-19;1820,99
2021-10-20;1835,86
2021-10-21;1767,36
2021-10-22;1777,22
2021-10-25;1787,93
2021-10-26;1768,24
2021-10-27;1773,52
2021-10-28;1760,94
2021-10-29;1735,13
2021-11-01;1791,29
2021-11-03;1754,36
2021-11-04;1842,65
2021-11-05;1822,54
2021-11-08;1817,75
2021-11-09;1842,12
2021-11-10;1834,72
2021-11-11;1857,07
2021-11-12;1851,09
2021-11-16;1868,57
2021-11-17;1841,14
2021-11-18;1853,92
2021-11-19;1862,02
2021-11-22;1861,87
2021-11-23;1848,66
2021-11-24;1868,62
2021-11-25;1879,17
2021-11-26;1864,08
2021-11-29;1868,85
2021-11-30;1881,85
2021-12-01;1904,63
2021-12-02;1864,88
2021-12-03;1889,83
2021-12-06;1887,43
2021-12-07;1881,3
2021-12-08;1891,96
2021-12-09;1912,39
2021-12-10;1906,55
2021-12-13;1943,04
2021-12-14;1939,09
2021-12-15;1915,57
2021-12-16;1928,6
2021-12-17;1902,63
2021-12-20;1875,52
2021-12-21;1902,68
2021-12-22;1905,91
2021-12-23;1923,72
2021-12-27;1896,62
2021-12-28;1902,19
2021-12-29;1898,15
2021-12-30;1896,51
2022-01-03;1884,45
2022-01-04;1880,46
2022-01-05;1869,39
2022-01-06;1832,8
2022-01-07;1826,64
2022-01-10;1816,66
2022-01-11;1796,42
2022-01-12;1790,48
2022-01-13;1789,05
2022-01-14;1805,68
2022-01-17;1804,75
2022-01-18;1798,63
2022-01-19;1799,3
2022-01-20;1802,22
2022-01-21;1793,86
2022-01-24;1810,86
2022-01-25;1818,35
2022-01-26;1819,01
2022-01-27;1799,98
2022-01-28;1816,55
2022-01-31;1808,83
2022-02-01;1830,06
2022-02-02;1828,49
2022-02-03;1838,4
2022-02-04;1832,23
2022-02-07;1833,61
2022-02-08;1838,93
2022-02-09;1844,11
2022-02-10;1819,65
2022-02-11;1820,37
2022-02-14;1814,92
2022-02-15;1822,45
2022-02-16;1846,33
2022-02-17;1835,83
2022-02-18;1820,85
2022-02-21;1807,16
2022-02-22;1819,43
2022-02-23;1806,87
2022-02-24;1790,24
2022-02-25;1820,43
2022-03-02;1823,89
2022-03-03;1804,6
2022-03-04;1805,62
2022-03-07;1783,33
2022-03-08;1786,55
2022-03-09;1805,39
2022-03-10;1790,79
2022-03-11;1810,73
2022-03-14;1786,34
2022-03-15;1802,96
2022-03-16;1799,46
2022-03-17;1798,18
2022-03-18;1808,07
2022-03-21;1819,1
2022-03-22;1826,84
2022-03-23;1852,86
2022-03-24;1856,13
2022-03-25;1901,34
2022-03-28;1922,78
2022-03-29;1919,21
2022-03-30;1901,46
2022-03-31;1909,74
2022-04-01;1906,2
2022-04-04;1930,35
2022-04-05;1931,56
2022-04-06;1911,35
2022-04-07;1926,8
2022-04-08;1928,23
2022-04-11;1910,28
2022-04-12;1895,24
2022-04-13;1896,64
2022-04-14;1884,05
2022-04-18;1879,92
2022-04-19;1901,78
2022-04-20;1898,0
2022-04-22;1885,39
2022-04-25;1894,22
2022-04-26;1899,79
2022-04-27;1900,69
2022-04-28;1896,05
2022-04-29;1901,74
2022-05-02;1901,6
2022-05-03;1895,62
2022-05-04;1878,1
2022-05-05;1904,65
2022-05-06;1884,74
2022-05-09;1873,1
2022-05-10;1885,63
2022-05-11;1863,32
2022-05-12;1864,4
2022-05-13;1883,83
2022-05-16;1895,12
2022-05-17;1926,25
2022-05-18;1917,54
2022-05-19;1920,6
2022-05-20;1916,62
2022-05-23;1924,95
2022-05-24;1897,62
2022-05-25;1882,95
2022-05-26;1897,59
2022-05-27;1910,0
2022-05-30;1911,52
2022-05-31;1900,67
2022-06-01;1906,11
2022-06-02;1899,94
2022-06-03;1900,73
2022-06-06;1906,88
2022-06-07;1893,79
2022-06-08;1889,98
2022-06-09;1916,74
2022-06-10;1922,13
2022-06-13;1900,17
2022-06-14;1917,14
2022-06-15;1908,56
2022-06-17;1916,78
2022-06-20;1937,18
2022-06-21;1928,62
2022-06-22;1917,78
2022-06-23;1911,65
2022-06-24;1912,49
2022-06-27;1907,87
2022-06-28;1881,22
2022-06-29;1879,84
2022-06-30;1885,29
2022-07-01;1893,04
2022-07-04;1876,61
2022-07-05;1868,45
2022-07-06;1862,58
2022-07-07;1858,98
2022-07-08;1850,07
2022-07-11;1807,68
2022-07-12;1815,07
2022-07-13;1829,07
2022-07-14;1821,14
2022-07-15;1855,17
2022-07-18;1854,48
2022-07-19;1821,39
2022-07-20;1812,74
2022-07-21;1823,73
2022-07-22;1832,58
2022-07-25;1836,31
2022-07-26;1827,58
2022-07-27;1805,66
2022-07-28;1816,57
2022-07-29;1820,99
2022-08-01;1822,44
2022-08-02;1826,87
2022-08-03;1820,37
2022-08-04;1837,95
2022-08-05;1880,34
2022-08-08;1884,1
2022-08-09;1901,99
2022-08-10;1892,91
2022-08-11;1906,6
2022-08-12;1892,95
2022-08-15;1908,08
2022-08-16;1936,04
2022-08-17;1899,55
2022-08-18;1920,44
2022-08-19;1902,42
2022-08-22;1902,43
2022-08-23;1900,45
2022-08-24;1914,44
2022-08-25;1909,54
2022-08-26;1914,35
2022-08-29;1898,23
2022-08-30;1887,16
2022-08-31;1887,4
2022-09-01;1885,39
2022-09-02;1917,39
2022-09-05;1917,22
2022-09-06;1915,16
2022-09-08;1926,65
2022-09-09;1931,02
2022-09-12;1923,88
2022-09-13;1903,57
2022-09-14;1887,99
2022-09-15;1885,96
2022-09-16;1897,58
2022-09-19;1891,03
2022-09-20;1911,75
2022-09-21;1928,1
2022-09-22;1937,66
2022-09-23;1928,82
2022-09-26;1913,04
2022-09-27;1954,78
2022-09-28;1914,37
2022-09-29;1916,88
2022-09-30;1933,11
2022-10-03;1981,78
2022-10-04;1958,58
2022-10-05;1942,58
2022-10-06;1949,74
2022-10-07;1931,55
2022-10-10;1926,8
2022-10-11;1916,15
2022-10-13;1929,88
2022-10-14;1923,29
2022-10-17;1933,08
2022-10-18;1929,15
2022-10-19;1925,23
2022-10-20;1932,72
2022-10-21;1926,52
2022-10-24;1925,29
2022-10-25;1930,49
2022-10-26;1934,17
2022-10-27;1930,32
2022-10-28;1910,64
2022-10-31;1916,41
2022-11-01;1946,73
2022-11-03;1940,85
2022-11-04;1936,99
2022-11-07;1922,34
2022-11-08;1900,56
2022-11-09;1910,23
2022-11-10;1838,49
2022-11-11;1832,83
2022-11-14;1906,7
2022-11-16;1874,51
2022-11-17;1846,91
2022-11-18;1913,75
2022-11-21;1894,94
2022-11-22;1886,81
2022-11-23;1850,37
2022-11-24;1875,06
2022-11-25;1858,94
2022-11-28;1864,77
2022-11-29;1878,69
2022-11-30;1906,04
2022-12-01;1909,07
2022-12-02;1941,4
2022-12-05;1918,08
2022-12-06;1903,24
2022-12-07;1890,75
2022-12-08;1871,81
2022-12-09;1890,24
2022-12-12;1860,87
2022-12-13;1846,47
2022-12-14;1819,48
2022-12-15;1856,5
2022-12-16;1837,96
2022-12-19;1835,13
2022-12-20;1838,04
2022-12-21;1858,14
2022-12-22;1839,61
2022-12-23;1874,88
2022-12-26;1875,54
2022-12-27;1878,43
2022-12-28;1901,09
2022-12-29;1917,33
2023-01-02;1890,56
2023-01-03;1882,53
2023-01-04;1859,42
2023-01-05;1873,09
2023-01-06;1873,81
2023-01-09;1859,93
2023-01-10;1878,74
2023-01-11;1888,29
2023-01-12;1928,88
2023-01-13;1914,15
2023-01-16;1913,47
2023-01-17;1903,22
2023-01-18;1910,61
2023-01-19;1863,48
2023-01-20;1898,97
2023-01-23;1867,8
2023-01-24;1859,99
2023-01-25;1886,9
2023-01-26;1868,24
2023-01-27;1862,6
2023-01-30;1868,37
2023-01-31;1852,06
2023-02-01;1852,86
2023-02-02;1868,62
2023-02-03;1831,21
2023-02-06;1836,88
2023-02-07;1871,7
2023-02-08;1863,93
2023-02-09;1877,16
2023-02-10;1854,42
2023-02-13;1870,78
2023-02-14;1882,31
2023-02-15;1883,1
2023-02-16;1892,76
2023-02-17;1911,21
2023-02-22;1907,86
2023-02-23;1893,65
2023-02-24;1890,33
2023-02-27;1894,28
2023-02-28;1875,87
2023-03-01;1866,17
2023-03-02;1867,16
2023-03-03;1857,52
2023-03-06;1874,42
2023-03-07;1866,87
2023-03-08;1863,61
2023-03-09;1888,1
2023-03-10;1888,02
2023-03-13;1903,15
2023-03-14;1897,7
2023-03-15;1879,39
2023-03-16;1899,66
2023-03-17;1900,58
2023-03-20;1915,44
2023-03-21;1909,85
2023-03-22;1904,27
2023-03-23;1922,6
2023-03-24;1947,75
2023-03-27;1940,91
2023-03-28;1964,07
2023-03-29;1969,49
2023-03-30;1968,21
2023-03-31;1962,46
2023-04-03;1951,02
2023-04-04;1969,79
2023-04-05;1966,27
2023-04-06;1976,18
2023-04-10;1967,39
2023-04-11;1969,72
2023-04-12;1970,65
2023-04-13;1973,81
2023-04-14;2001,79
2023-04-17;2012,52
2023-04-18;2022,5
2023-04-19;1975,74
2023-04-20;1992,28
2023-04-24;1998,65
2023-04-25;2017,67
2023-04-26;2013,92
2023-04-27;2035,63
2023-04-28;2015,83
2023-05-02;2020,06
2023-05-03;2025,48
2023-05-04;2028,62
2023-05-05;2027,17
2023-05-08;2054,14
2023-05-09;2048,03
2023-05-10;2041,95
2023-05-11;2066,0
2023-05-12;2077,33
2023-05-15;2090,85
2023-05-16;2110,65
2023-05-17;2090,09
2023-05-18;2121,83
2023-05-19;2110,67
2023-05-22;2121,7
2023-05-23;2105,8
2023-05-24;2132,92
2023-05-25;2143,39
2023-05-26;2135,96
2023-05-29;2156,56
2023-05-30;2162,15
2023-05-31;2145,85
2023-06-01;2141,73
2023-06-02;2156,99
2023-06-05;2165,52
2023-06-06;2190,81
2023-06-07;2206,78
2023-06-09;2180,35
2023-06-12;2188,68
2023-06-13;2162,36
2023-06-14;2155,7
2023-06-15;2185,64
2023-06-16;2164,09
2023-06-19;2184,16
2023-06-20;2187,1
2023-06-21;2182,67
2023-06-22;2205,35
2023-06-23;2203,35
2023-06-26;2211,3
2023-06-27;2209,29
2023-06-28;2193,88
2023-06-29;2182,01
2023-06-30;2221,94
2023-07-03;2254,9
2023-07-04;2240,14
2023-07-05;2223,0
2023-07-06;2210,96
2023-07-07;2231,28
2023-07-10;2219,07
2023-07-11;2207,26
2023-07-12;2230,03
2023-07-13;2225,44
2023-07-14;2228,34
2023-07-17;2221,41
2023-07-18;2226,92
2023-07-19;2224,97
2023-07-20;2220,54
2023-07-21;2228,53
2023-07-24;2226,72
2023-07-25;2234,72
2023-07-26;2227,63
2023-07-27;2218,23
2023-07-28;2238,64
2023-07-31;2236,77
2023-08-01;2244,79
2023-08-02;2255,35
2023-08-03;2260,91
2023-08-04;2251,37
2023-08-07;2252,0
2023-08-08;2260,06
2023-08-09;2260,58
2023-08-10;2266,14
2023-08-11;2275,03
2023-08-14;2260,61
2023-08-15;2271,24
2023-08-16;2274,34
2023-08-17;2262,3
2023-08-18;2265,39
2023-08-21;2246,14
2023-08-22;2249,21
2023-08-23;2247,29
2023-08-24;2232,96
2023-08-25;2231,07
2023-08-28;2240,32
2023-08-29;2240,97
2023-08-30;2246,59
2023-08-31;2227,45
2023-09-01;2208,5
2023-09-04;2216,86
2023-09-05;2202,88
2023-09-06;2205,97
2023-09-08;2206,81
2023-09-11;2212,71
2023-09-12;2210,33
2023-09-13;2208,54
2023-09-14;2204,32
2023-09-15;2197,68
2023-09-18;2203,84
2023-09-19;2192,51
2023-09-20;2195,67
2023-09-21;2189,2
2023-09-22;2199,59
2023-09-25;2186,46
2023-09-26;2170,49
2023-09-27;2112,13
2023-09-28;2122,1
2023-09-29;2153,21
2023-10-02;2154,38
2023-10-03;2138,67
2023-10-04;2134,71
2023-10-05;2128,44
2023-10-06;2124,52
2023-10-09;2137,31
2023-10-10;2168,57
2023-10-11;2172,9
2023-10-13;2161,94
2023-10-16;2151,25
2023-10-17;2173,17
2023-10-18;2152,65
2023-10-19;2151,01
2023-10-20;2119,19
2023-10-23;2115,72
2023-10-24;2134,9
2023-10-25;2142,57
2023-10-26;2131,67
2023-10-27;2157,66
2023-10-30;2158,72
2023-10-31;2152,37
2023-11-01;2143,72
2023-11-03;2156,25
2023-11-06;2164,33
2023-11-07;2165,01
2023-11-08;2170,39
2023-11-09;2187,61
2023-11-10;2180,63
2023-11-13;2172,19
2023-11-14;2170,49
2023-11-16;2192,63
2023-11-17;2214,81
2023-11-20;2203,97
2023-11-21;2197,52
2023-11-22;2205,37
2023-11-23;2196,54
2023-11-24;2190,13
2023-11-27;2191,25
2023-11-28;2196,69
2023-11-29;2218,96
2023-11-30;2193,46
2023-12-01;2194,17
2023-12-04;2207,19
2023-12-05;2205,52
2023-12-06;2218,16
2023-12-07;2209,32
2023-12-08;2200,52
2023-12-11;2204,04
2023-12-12;2204,36
2023-12-13;2212,19
2023-12-14;2251,34
2023-12-15;2249,61
2023-12-18;2260,63
2023-12-19;2266,27
2023-12-20;2279,27
2023-12-21;2272,68
2023-12-22;2288,17
2023-12-26;2301,03
2023-12-27;2291,93
2023-12-28;2282,88
2024-01-02;2286,83
2024-01-03;2290,14
2024-01-04;2290,99
2024-01-05;2282,06
2024-01-08;2290,99
2024-01-09;2269,9
2024-01-10;2258,66
2024-01-11;2263,1
2024-01-12;2266,42
2024-01-15;2272,98
2024-01-16;2254,47
2024-01-17;2245,69
2024-01-18;2248,89
2024-01-19;2247,3
2024-01-22;2246,34
2024-01-23;2249,54
2024-01-24;2255,14
2024-01-25;2246,37
2024-01-26;2251,96
2024-01-29;2250,49
2024-01-30;2256,05
2024-01-31;2247,26
2024-02-01;2250,42
2024-02-02;2263,16
2024-02-05;2259,7
2024-02-06;2265,26
2024-02-07;2268,44
2024-02-08;2257,93
2024-02-09;2261,12
2024-02-14;2255,98
2024-02-15;2268,75
2024-02-16;2267,44
2024-02-19;2262,5
2024-02-20;2265,98
2024-02-21;2274,26
2024-02-22;2270,54
2024-02-23;2266,84
2024-02-26;2266,7
2024-02-27;2260,63
2024-02-28;2266,99
2024-02-29;2263,34
2024-03-01;2266,85
2024-03-04;2259,69
2024-03-05;2263,2
2024-03-06;2261,94
2024-03-07;2267,84
2024-03-08;2257,08
2024-03-11;2261,82
2024-03-12;2275,47
2024-03-13;2267,08
2024-03-14;2268,24
2024-03-15;2264,64
2024-03-18;2263,21
2024-03-19;2240,28
2024-03-20;2247,98
2024-03-21;2260,44
2024-03-22;2244,59
2024-03-25;2252,6
2024-03-26;2241,51
2024-03-27;2237,75
2024-03-28;2240,77
2024-04-01;2237,28
2024-04-02;2230,96
2024-04-03;2238,64
2024-04-04;2234,65
2024-04-05;2233,01
2024-04-08;2224,74
2024-04-09;2237,04
2024-04-10;2243,4
2024-04-11;2207,01
2024-04-12;2221,45
2024-04-15;2213,09
2024-04-16;2197,85
2024-04-17;2196,35
2024-04-18;2213,13
2024-04-19;2225,43
2024-04-22;2212,91
2024-04-23;2204,54
2024-04-24;2203,04
2024-04-25;2206,11
2024-04-26;2202,32
2024-04-29;2196,69
2024-04-30;2195,2
2024-05-02;2175,91
2024-05-03;2174,44
2024-05-06;2184,7
2024-05-07;2172,0
2024-05-08;2179,51
2024-05-09;2151,3
2024-05-10;2202,11
2024-05-13;2192,15
2024-05-14;2199,74
2024-05-15;2191,51
2024-05-16;2205,87
2024-05-17;2208,93
2024-05-20;2207,95
2024-05-21;2222,41
2024-05-22;2202,72
2024-05-23;2217,13
2024-05-24;2224,77
2024-05-27;2214,66
2024-05-28;2213,18
2024-05-29;2198,63
2024-05-31;2208,78
2024-06-03;2210,19
2024-06-04;2208,75
2024-06-05;2207,31
2024-06-06;2192,38
2024-06-07;2202,19
2024-06-10;2194,61
2024-06-11;2191,9
2024-06-12;2166,08
2024-06-13;2144,97
2024-06-14;2170,01
2024-06-17;2173,58
2024-06-18;2172,15
2024-06-19;2172,94
2024-06-20;2193,74
2024-06-21;2187,83
2024-06-24;2189,11
2024-06-25;2185,45
2024-06-26;2175,16
2024-06-27;2177,72
2024-06-28;2167,44
2024-07-01;2157,65
2024-07-02;2143,14
2024-07-03;2150,42
2024-07-04;2177,49
2024-07-05;2187,1
2024-07-08;2203,86
2024-07-09;2200,15
2024-07-10;2206,14
2024-07-11;2222,55
2024-07-12;2236,8
2024-07-15;2235,55
2024-07-16;2240,85
2024-07-17;2234,82
2024-07-18;2240,12
2024-07-19;2229,58
2024-07-22;2233,07
2024-07-23;2229,33
2024-07-24;2207,69
2024-07-25;2210,69
2024-07-26;2218,32
2024-07-29;2224,08
2024-07-30;2233,86
2024-07-31;2232,4
2024-08-01;2233,19
2024-08-02;2258,89
2024-08-05;2280,78
2024-08-06;2297,75
2024-08-07;2277,76
2024-08-08;2264,82
2024-08-09;2305,5
2024-08-12;2330,26
2024-08-13;2335,79
2024-08-14;2336,61
2024-08-15;2330,37
2024-08-16;2337,98
2024-08-19;2326,81
2024-08-20;2292,5
2024-08-21;2290,75
2024-08-22;2277,55
2024-08-23;2296,47
2024-08-26;2292,45
2024-08-27;2279,25
2024-08-28;2279,71
2024-08-29;2259,8
2024-08-30;2258,09
2024-09-02;2245,14
2024-09-03;2259,21
2024-09-04;2244,01
2024-09-05;2258,06
2024-09-06;2279,01
2024-09-09;2261,44
2024-09-10;2265,94
2024-09-11;2266,47
2024-09-12;2253,48
2024-09-13;2247,28
2024-09-16;2243,75
2024-09-17;2235,8
2024-09-18;2250,16
2024-09-19;2246,66
2024-09-20;2225,4
2024-09-23;2198,65
2024-09-24;2241,48
2024-09-25;2244,67
2024-09-26;2238,15
2024-09-27;2223,57
2024-09-30;2229,56
2024-10-01;2208,48
2024-10-02;2233,56
2024-10-03;2210,27
2024-10-04;2213,36
2024-10-07;2217,12
2024-10-08;2235,62
2024-10-09;2227,35
2024-10-10;2223,83
2024-10-11;2231,32
2024-10-14;2235,06
2024-10-15;2231,54
2024-10-16;2221,49
2024-10-17;2198,47
2024-10-18;2210,25
2024-10-21;2190,25
2024-10-22;2182,58
2024-10-23;2177,08
2024-10-24;2160,98
2024-10-25;2183,49
2024-10-28;2176,67
2024-10-29;2164,86
2024-10-30;2161,58
2024-10-31;2168,89
2024-11-01;2174,1
2024-11-04;2184,36
2024-11-05;2193,88
2024-11-06;2186,27
2024-11-07;2202,25
2024-11-08;2201,23
2024-11-11;2218,12
2024-11-12;2210,43
2024-11-13;2177,13
2024-11-14;2193,02
2024-11-18;2181,64
2024-11-19;2199,46
2024-11-21;2193,92
2024-11-22;2216,14
2024-11-25;2206,4
2024-11-26;2209,27
2024-11-27;2187,52
2024-11-28;2156,68
2024-11-29;2111,98
2024-12-02;2162,99
2024-12-03;2172,22
2024-12-04;2143,75
2024-12-05;2171,75
2024-12-06;2155,8
2024-12-09;2157,09
2024-12-10;2169,46
2024-12-11;2187,19
2024-12-12;2224,39
2024-12-13;2184,69
2024-12-16;2132,07
2024-12-17;2092,38
2024-12-18;2117,72
2024-12-19;2046,67
2024-12-20;2111,61
2024-12-23;2063,34
2024-12-26;2071,74
2024-12-27;2092,73
2024-12-30;2053,95
2025-01-02;2038,6
2025-01-03;2065,06
2025-01-06;2066,74
2025-01-07;2071,66
2025-01-08;2045,09
2025-01-09;2069,62
2025-01-10;2066,29
2025-01-13;2060,05
2025-01-14;2051,2
2025-01-15;2069,83
2025-01-16;2062,58
2025-01-17;2049,51
2025-01-20;2038,52
2025-01-21;2019,87
2025-01-22;2016,67
2025-01-23;2013,49
2025-01-24;2010,31
2025-01-27;2031,1
2025-01-28;2018,37
2025-01-29;2019,09
2025-01-30;2006,47
2025-01-31;2070,92
2025-02-03;2042,6
2025-02-04;2064,72
2025-02-05;2051,78
2025-02-06;2037,03
2025-02-07;2051,27
2025-02-10;2050,26
2025-02-11;2052,92
2025-02-12;2067,26
2025-02-13;2062,13
2025-02-14;2072,61
2025-02-17;2108,91
2025-02-18;2092,65
2025-02-19;2092,27
2025-02-20;2089,93
2025-02-21;2091,53
2025-02-24;2107,02
2025-02-25;2061,49
2025-02-26;2072,42
2025-02-27;2056,5
2025-02-28;2036,91
2025-03-05;2065,34
2025-03-06;2070,79
2025-03-07;2082,11
2025-03-10;2101,32
2025-03-11;2100,93
2025-03-12;2102,88
2025-03-13;2102,5
2025-03-14;2113,99
2025-03-17;2104,51
2025-03-18;2099,62
2025-03-19;2126,38
2025-03-20;2135,39
2025-03-21;2114,5
2025-03-24;2140,23
2025-03-25;2107,45
2025-03-26;2110,44
2025-03-27;2133,28
2025-03-28;2126,07
2025-03-31;2139,79
2025-04-01;2154,85
2025-04-02;2143,8
2025-04-03;2158,87
2025-04-04;2153,83
2025-04-07;2161,64
2025-04-08;2160,63
2025-04-09;2104,02
2025-04-10;2126,68
2025-04-11;2123,91
2025-04-14;2141,56
2025-04-15;2142,58
2025-04-16;2147,49
2025-04-17;2132,49
2025-04-22;2134,58
2025-04-23;2117,74
2025-04-24;2120,63
2025-04-25;2139,33
2025-04-28;2146,8
2025-04-29;2159,81
2025-04-30;2176,83
2025-05-02;2182,12
2025-05-05;2179,61
2025-05-06;2178,53
2025-05-07;2197,72
2025-05-08;2212,97
2025-05-09;2232,64
2025-05-12;2236,3
2025-05-13;2251,81
2025-05-14;2246,5
2025-05-15;2247,45
2025-05-16;2244,18
2025-05-19;2243,53
2025-05-20;2265,3
2025-05-21;2241,16
2025-05-22;2229,66
2025-05-23;2245,03
2025-05-26;2240,24
2025-05-27;2270,31
2025-05-28;2275,12
2025-05-29;2259,24
2025-05-30;2255,95
2025-06-02;2253,15
2025-06-03;2249,88
2025-06-04;2256,99
2025-06-05;2259,94
2025-06-06;2252,51
2025-06-09;2255,95
2025-06-10;2259,47
2025-06-11;2254,07
2025-06-12;2254,88
2025-06-13;2237,14
2025-06-16;2248,64
2025-06-17;2251,53
2025-06-18;2250,29
2025-06-20;2261,66
2025-06-23;2269,11
2025-06-24;2274,11
2025-06-25;2260,39
2025-06-26;2271,6
2025-06-27;2273,87
2025-06-30;2281,19
2025-07-01;2309,3
2025-07-02;2301,62
2025-07-03;2300,29
2025-07-04;2288,47
2025-07-07;2289,54
2025-07-08;2288,22
2025-07-09;2274,42
2025-07-10;2239,11
2025-07-11;2274,89
2025-07-14;2274,0
2025-07-15;2274,81
2025-07-16;2255,09
2025-07-17;2237,6
2025-07-18;2246,65
2025-07-21;2243,97
2025-07-22;2244,86
2025-07-23;2241,69
2025-07-24;2242,58
2025-07-25;2253,67
2025-07-28;2247,01
2025-07-29;2247,91
2025-07-30;2254,94
2025-07-31;2259,92
2025-08-01;2246,56
2025-08-04;2262,26
2025-08-05;2255,0
2025-08-06;2259,99
2025-08-07;2260,89
2025-08-08;2286,45
2025-08-11;2289,96
2025-08-12;2288,8
2025-08-13;2279,33
2025-08-14;2290,47
2025-08-15;2295,44
2025-08-18;2289,62
2025-08-19;2269,63
2025-08-20;2255,93
2025-08-21;2236,3
2025-08-22;2240,89
2025-08-25;2251,36
2025-08-26;2245,86
2025-08-27;2250,38
2025-08-28;2254,97
2025-08-29;2249,47
2025-09-01;2249,83
2025-09-02;2230,33
2025-09-03;2238,89
2025-09-04;2231,45
2025-09-05;2234,0
2025-09-08;2234,37
2025-09-09;2238,93
2025-09-10;2235,87
2025-09-11;2246,45
2025-09-12;2241,01
2025-09-15;2259,5
2025-09-16;2254,57
2025-09-17;2267,78
2025-09-18;2287,18
2025-09-19;2274,05
2025-09-22;2263,95
2025-09-23;2250,99
2025-09-24;2268,19
2025-09-25;2283,49
2025-09-26;2277,93
2025-09-29;2271,72
2025-09-30;2264,72
2025-10-01;2257,75
2025-10-02;2260,82
2025-10-03;2247,88
2025-10-06;2255,74
2025-10-07;2248,82
2025-10-08;2249,89
2025-10-09;2255,86
2025-10-10;2252,89
2025-10-13;2244,69
2025-10-14;2229,9
2025-10-15;2234,86
2025-10-16;2253,51
2025-10-17;2240,44
2025-10-20;2243,54
2025-10-21;2256,26
2025-10-22;2259,06
2025-10-23;2267,86
2025-10-24;2286,75
2025-10-27;2309,64
2025-10-28;2292,15
2025-10-29;2288,89
2025-10-30;2283,62
2025-10-31;2294,46
2025-11-03;2281,37
2025-11-04;2278,14
2025-11-05;2280,91
2025-11-06;2291,73
2025-11-07;2300,57
2025-11-10;2305,61
2025-11-11;2319,39
2025-11-12;2322,16
2025-11-13;2333,1
2025-11-14;2321,58
2025-11-17;2330,82
2025-11-18;2327,57
2025-11-19;2328,41
2025-11-21;2341,7
2025-11-24;2347,01
2025-11-25;2347,85
2025-11-26;2354,87
2025-11-27;2359,55
2025-11-28;2356,24
2025-12-01;2355,31
2025-12-02;2360,25
2025-12-03;2371,41
2025-12-04;2384,7
2025-12-05;2389,69
2025-12-08;2361,77
2025-12-09;2342,08
2025-12-10;2334,36
2025-12-11;2345,35
2025-12-12;2364,62
2025-12-15;2363,64
2025-12-16;2354,37
2025-12-17;2337,0
2025-12-18;2321,8
2025-12-19;2330,87
2025-12-22;2348,76
2025-12-23;2329,46
2025-12-26;2337,09
