Price,Close
Ticker,B5P211.SA
Date,
2020-11-16,66.26000213623047
2020-11-17,66.44000244140625
2020-11-18,66.43000030517578
2020-11-19,66.44000244140625
2020-11-23,66.33999633789062
2020-11-24,66.3499984741211
2020-11-25,66.48999786376953
2020-11-26,66.55000305175781
2020-11-27,66.5999984741211
2020-11-30,66.68000030517578
2020-12-01,66.7300033569336
2020-12-02,66.83000183105469
2020-12-03,66.8499984741211
2020-12-04,66.8499984741211
2020-12-07,67.04000091552734
2020-12-08,67.11000061035156
2020-12-09,67.19000244140625
2020-12-10,67.12000274658203
2020-12-11,67.11000061035156
2020-12-14,67.19999694824219
2020-12-15,67.37000274658203
2020-12-16,67.3499984741211
2020-12-17,67.41999816894531
2020-12-18,67.37999725341797
2020-12-21,67.37999725341797
2020-12-22,67.44999694824219
2020-12-23,67.44999694824219
2020-12-28,67.56999969482422
2020-12-29,67.63999938964844
2020-12-30,67.38999938964844
2021-01-04,67.8499984741211
2021-01-05,67.81999969482422
2021-01-06,67.87999725341797
2021-01-07,67.75
2021-01-08,67.69000244140625
2021-01-11,67.58000183105469
2021-01-12,67.70999908447266
2021-01-13,67.6500015258789
2021-01-14,67.72000122070312
2021-01-15,67.7300033569336
2021-01-18,67.75
2021-01-19,67.70999908447266
2021-01-20,67.69999694824219
2021-01-21,67.56999969482422
2021-01-22,67.51000213623047
2021-01-26,67.5
2021-01-27,67.54000091552734
2021-01-28,67.63999938964844
2021-01-29,67.70999908447266
2021-02-01,67.80000305175781
2021-02-02,67.88999938964844
2021-02-03,67.94000244140625
2021-02-04,67.9000015258789
2021-02-05,67.94000244140625
2021-02-08,68.0
2021-02-09,67.88999938964844
2021-02-10,67.94999694824219
2021-02-11,68.02999877929688
2021-02-12,67.97000122070312
2021-02-17,67.7699966430664
2021-02-18,68.02999877929688
2021-02-19,67.98999786376953
2021-02-22,67.69000244140625
2021-02-23,67.80999755859375
2021-02-24,67.79000091552734
2021-02-25,67.55999755859375
2021-02-26,67.36000061035156
2021-03-01,67.25
2021-03-02,67.11000061035156
2021-03-03,67.05000305175781
2021-03-04,67.1500015258789
2021-03-05,67.87000274658203
2021-03-08,67.76000213623047
2021-03-09,67.5999984741211
2021-03-10,67.61000061035156
2021-03-11,67.79000091552734
2021-03-12,67.77999877929688
2021-03-15,67.69999694824219
2021-03-16,67.79000091552734
2021-03-17,67.79000091552734
2021-03-18,67.56999969482422
2021-03-19,67.41000366210938
2021-03-22,67.3499984741211
2021-03-23,67.30999755859375
2021-03-24,67.29000091552734
2021-03-25,67.3499984741211
2021-03-26,67.30999755859375
2021-03-29,67.23999786376953
2021-03-30,67.2699966430664
2021-03-31,67.47000122070312
2021-04-01,67.5
2021-04-05,67.58999633789062
2021-04-06,67.51000213623047
2021-04-07,67.45999908447266
2021-04-08,67.62000274658203
2021-04-09,67.45999908447266
2021-04-12,67.45999908447266
2021-04-13,67.30000305175781
2021-04-14,67.3499984741211
2021-04-15,67.56999969482422
2021-04-16,67.77999877929688
2021-04-19,67.87999725341797
2021-04-20,67.80999755859375
2021-04-22,67.97000122070312
2021-04-23,68.1500015258789
2021-04-26,68.0999984741211
2021-04-27,68.20999908447266
2021-04-28,68.29000091552734
2021-04-29,68.30999755859375
2021-04-30,68.26000213623047
2021-05-03,68.16000366210938
2021-05-04,68.02999877929688
2021-05-05,68.08000183105469
2021-05-06,68.16000366210938
2021-05-07,68.22000122070312
2021-05-10,68.18000030517578
2021-05-11,68.36000061035156
2021-05-12,68.33999633789062
2021-05-13,68.36000061035156
2021-05-14,68.33999633789062
2021-05-17,68.44000244140625
2021-05-18,68.41999816894531
2021-05-19,68.37999725341797
2021-05-20,68.51000213623047
2021-05-21,68.52999877929688
2021-05-24,68.62000274658203
2021-05-25,68.52999877929688
2021-05-26,68.52999877929688
2021-05-27,68.58000183105469
2021-05-28,68.75
2021-05-31,68.76000213623047
2021-06-01,68.80000305175781
2021-06-02,68.8499984741211
2021-06-04,68.91999816894531
2021-06-07,68.83000183105469
2021-06-08,68.81999969482422
2021-06-09,68.9000015258789
2021-06-10,68.80999755859375
2021-06-11,68.73999786376953
2021-06-14,68.66000366210938
2021-06-15,68.66000366210938
2021-06-16,68.69000244140625
2021-06-17,68.31999969482422
2021-06-18,68.01000213623047
2021-06-21,68.43000030517578
2021-06-22,68.2300033569336
2021-06-23,68.2699966430664
2021-06-24,68.36000061035156
2021-06-25,68.41999816894531
2021-06-28,68.62999725341797
2021-06-29,68.56999969482422
2021-06-30,68.56999969482422
2021-07-01,68.66000366210938
2021-07-02,68.7699966430664
2021-07-05,68.77999877929688
2021-07-06,68.58999633789062
2021-07-07,68.73999786376953
2021-07-08,68.63999938964844
2021-07-12,68.58000183105469
2021-07-13,68.68000030517578
2021-07-14,68.75
2021-07-15,68.86000061035156
2021-07-16,68.95999908447266
2021-07-19,69.0199966430664
2021-07-20,69.04000091552734
2021-07-21,69.06999969482422
2021-07-22,69.0999984741211
2021-07-23,69.0199966430664
2021-07-26,68.9800033569336
2021-07-27,68.87000274658203
2021-07-28,68.8499984741211
2021-07-29,68.83999633789062
2021-07-30,68.6500015258789
2021-08-02,68.58000183105469
2021-08-03,68.62000274658203
2021-08-04,68.66999816894531
2021-08-05,68.41000366210938
2021-08-06,68.41000366210938
2021-08-09,68.5
2021-08-10,68.56999969482422
2021-08-11,68.56999969482422
2021-08-12,68.44000244140625
2021-08-13,68.30000305175781
2021-08-16,68.13999938964844
2021-08-17,68.23999786376953
2021-08-18,68.25
2021-08-19,68.04000091552734
2021-08-20,68.12000274658203
2021-08-23,68.12000274658203
2021-08-24,68.20999908447266
2021-08-25,68.48999786376953
2021-08-26,68.5199966430664
2021-08-27,68.69999694824219
2021-08-30,68.77999877929688
2021-08-31,68.69000244140625
2021-09-01,68.7300033569336
2021-09-02,68.62000274658203
2021-09-03,68.6500015258789
2021-09-06,68.62000274658203
2021-09-08,68.5999984741211
2021-09-09,68.56999969482422
2021-09-10,68.66000366210938
2021-09-13,68.80999755859375
2021-09-14,69.01000213623047
2021-09-15,69.08999633789062
2021-09-16,69.12000274658203
2021-09-17,69.0
2021-09-20,69.11000061035156
2021-09-21,69.2699966430664
2021-09-22,69.2300033569336
2021-09-23,69.22000122070312
2021-09-24,69.23999786376953
2021-09-27,69.30999755859375
2021-09-28,69.2300033569336
2021-09-29,69.37999725341797
2021-09-30,69.33999633789062
2021-10-01,69.36000061035156
2021-10-04,69.41999816894531
2021-10-05,69.43000030517578
2021-10-06,69.5999984741211
2021-10-07,69.56999969482422
2021-10-08,69.69999694824219
2021-10-11,69.6500015258789
2021-10-13,69.6500015258789
2021-10-14,69.66999816894531
2021-10-15,69.55999755859375
2021-10-18,69.5199966430664
2021-10-19,68.25
2021-10-20,69.22000122070312
2021-10-21,68.88999938964844
2021-10-22,69.36000061035156
2021-10-25,68.7300033569336
2021-10-26,69.62000274658203
2021-10-27,69.98999786376953
2021-10-28,68.3499984741211
2021-10-29,68.5
2021-11-01,68.52999877929688
2021-11-03,68.7300033569336
2021-11-04,68.63999938964844
2021-11-05,68.7699966430664
2021-11-08,68.80000305175781
2021-11-09,68.9000015258789
2021-11-10,69.18000030517578
2021-11-11,69.05000305175781
2021-11-12,69.19999694824219
2021-11-16,68.9800033569336
2021-11-17,69.19999694824219
2021-11-18,69.16999816894531
2021-11-19,69.2699966430664
2021-11-22,69.2699966430664
2021-11-23,69.38999938964844
2021-11-24,69.55000305175781
2021-11-25,69.55000305175781
2021-11-26,69.61000061035156
2021-11-29,69.8499984741211
2021-11-30,69.8499984741211
2021-12-01,69.8499984741211
2021-12-02,70.0
2021-12-03,70.30000305175781
2021-12-06,70.22000122070312
2021-12-07,70.05000305175781
2021-12-08,70.30999755859375
2021-12-09,70.08000183105469
2021-12-10,70.19000244140625
2021-12-13,70.11000061035156
2021-12-14,70.08999633789062
2021-12-15,70.11000061035156
2021-12-16,70.0999984741211
2021-12-17,70.0
2021-12-20,69.98999786376953
2021-12-21,70.18000030517578
2021-12-22,70.12999725341797
2021-12-23,70.19000244140625
2021-12-27,70.30999755859375
2021-12-28,70.27999877929688
2021-12-29,70.30000305175781
2021-12-30,69.81999969482422
2022-01-03,70.30999755859375
2022-01-04,70.25
2022-01-05,70.2699966430664
2022-01-06,70.25
2022-01-07,70.12000274658203
2022-01-10,70.08000183105469
2022-01-11,70.2699966430664
2022-01-12,70.2699966430664
2022-01-13,70.33000183105469
2022-01-14,70.45999908447266
2022-01-17,70.30999755859375
2022-01-18,70.18000030517578
2022-01-19,70.5199966430664
2022-01-20,70.6500015258789
2022-01-21,70.47000122070312
2022-01-24,70.6500015258789
2022-01-25,70.62000274658203
2022-01-26,70.68000030517578
2022-01-27,70.51000213623047
2022-01-28,70.5999984741211
2022-01-31,70.5199966430664
2022-02-01,70.58000183105469
2022-02-02,70.66000366210938
2022-02-03,70.87999725341797
2022-02-04,70.95999908447266
2022-02-07,70.91000366210938
2022-02-08,70.93000030517578
2022-02-09,70.80000305175781
2022-02-10,70.79000091552734
2022-02-11,70.66999816894531
2022-02-14,70.8499984741211
2022-02-15,70.8499984741211
2022-02-16,71.06999969482422
2022-02-17,71.04000091552734
2022-02-18,71.04000091552734
2022-02-21,71.04000091552734
2022-02-22,71.08000183105469
2022-02-23,71.16999816894531
2022-02-24,71.1500015258789
2022-02-25,71.12999725341797
2022-03-02,71.30999755859375
2022-03-03,71.33999633789062
2022-03-04,71.2699966430664
2022-03-07,71.25
2022-03-08,71.25
2022-03-09,71.52999877929688
2022-03-10,71.54000091552734
2022-03-11,71.69999694824219
2022-03-14,71.69000244140625
2022-03-15,71.63999938964844
2022-03-16,71.69999694824219
2022-03-17,72.0199966430664
2022-03-18,72.18000030517578
2022-03-21,72.30000305175781
2022-03-22,72.41999816894531
2022-03-23,72.66000366210938
2022-03-24,73.02999877929688
2022-03-25,73.33999633789062
2022-03-28,73.25
2022-03-29,73.2699966430664
2022-03-30,73.11000061035156
2022-03-31,73.11000061035156
2022-04-01,73.37000274658203
2022-04-04,73.44999694824219
2022-04-05,73.2699966430664
2022-04-06,74.0
2022-04-07,73.4000015258789
2022-04-08,73.51000213623047
2022-04-11,73.2699966430664
2022-04-12,73.37000274658203
2022-04-13,73.54000091552734
2022-04-14,73.58000183105469
2022-04-18,73.80000305175781
2022-04-19,73.79000091552734
2022-04-20,73.9000015258789
2022-04-22,74.30999755859375
2022-04-25,74.20999908447266
2022-04-26,74.16999816894531
2022-04-27,74.30000305175781
2022-04-28,74.41999816894531
2022-04-29,74.45999908447266
2022-05-02,74.37999725341797
2022-05-03,74.61000061035156
2022-05-04,74.72000122070312
2022-05-05,74.83000183105469
2022-05-06,74.80999755859375
2022-05-09,74.83000183105469
2022-05-10,74.76000213623047
2022-05-11,74.93000030517578
2022-05-12,75.0
2022-05-13,75.13999938964844
2022-05-16,75.30000305175781
2022-05-17,75.25
2022-05-18,75.18000030517578
2022-05-19,75.08000183105469
2022-05-20,75.11000061035156
2022-05-23,75.11000061035156
2022-05-24,75.05000305175781
2022-05-25,74.98999786376953
2022-05-26,74.9800033569336
2022-05-27,74.9000015258789
2022-05-30,74.87999725341797
2022-05-31,75.02999877929688
2022-06-01,75.1500015258789
2022-06-02,75.19999694824219
2022-06-03,75.33999633789062
2022-06-06,75.4000015258789
2022-06-07,75.1500015258789
2022-06-08,75.22000122070312
2022-06-09,75.13999938964844
2022-06-10,75.05000305175781
2022-06-13,75.0199966430664
2022-06-14,75.0
2022-06-15,75.26000213623047
2022-06-17,75.55999755859375
2022-06-20,75.5
2022-06-21,75.31999969482422
2022-06-22,75.30000305175781
2022-06-23,75.29000091552734
2022-06-24,75.44999694824219
2022-06-27,75.51000213623047
2022-06-28,75.26000213623047
2022-06-29,75.19999694824219
2022-06-30,75.22000122070312
2022-07-01,75.19999694824219
2022-07-04,75.1500015258789
2022-07-05,75.06999969482422
2022-07-06,75.02999877929688
2022-07-07,75.02999877929688
2022-07-08,74.94000244140625
2022-07-11,74.80000305175781
2022-07-12,74.80999755859375
2022-07-13,74.87000274658203
2022-07-14,74.79000091552734
2022-07-15,74.72000122070312
2022-07-18,74.55000305175781
2022-07-19,74.31999969482422
2022-07-20,74.37999725341797
2022-07-21,74.37999725341797
2022-07-22,74.43000030517578
2022-07-25,74.47000122070312
2022-07-26,74.4000015258789
2022-07-27,74.27999877929688
2022-07-28,74.62000274658203
2022-07-29,74.83999633789062
2022-08-01,74.88999938964844
2022-08-02,74.87999725341797
2022-08-03,75.0
2022-08-04,75.54000091552734
2022-08-05,75.5999984741211
2022-08-08,75.51000213623047
2022-08-09,75.51000213623047
2022-08-10,75.38999938964844
2022-08-11,75.26000213623047
2022-08-12,75.37999725341797
2022-08-15,75.45999908447266
2022-08-16,75.37999725341797
2022-08-17,75.29000091552734
2022-08-18,75.33999633789062
2022-08-19,75.2699966430664
2022-08-22,75.22000122070312
2022-08-23,75.30999755859375
2022-08-24,75.25
2022-08-25,75.11000061035156
2022-08-26,75.04000091552734
2022-08-29,74.94999694824219
2022-08-30,74.86000061035156
2022-08-31,74.83999633789062
2022-09-01,74.86000061035156
2022-09-02,75.12000274658203
2022-09-05,74.9800033569336
2022-09-06,74.79000091552734
2022-09-08,74.9000015258789
2022-09-09,75.0199966430664
2022-09-12,74.83000183105469
2022-09-13,74.87000274658203
2022-09-14,75.0
2022-09-15,75.0
2022-09-16,74.8499984741211
2022-09-19,75.0199966430664
2022-09-20,75.04000091552734
2022-09-21,75.05000305175781
2022-09-22,75.41999816894531
2022-09-23,75.25
2022-09-26,75.08000183105469
2022-09-27,75.06999969482422
2022-09-28,75.01000213623047
2022-09-29,75.05000305175781
2022-09-30,75.25
2022-10-03,75.25
2022-10-04,75.18000030517578
2022-10-05,75.30000305175781
2022-10-06,75.41000366210938
2022-10-07,75.51000213623047
2022-10-10,75.4800033569336
2022-10-11,75.51000213623047
2022-10-13,75.56999969482422
2022-10-14,75.66999816894531
2022-10-17,75.69000244140625
2022-10-18,75.86000061035156
2022-10-19,75.9800033569336
2022-10-20,76.05000305175781
2022-10-21,76.01000213623047
2022-10-24,76.06999969482422
2022-10-25,76.05000305175781
2022-10-26,76.16000366210938
2022-10-27,76.30000305175781
2022-10-28,76.3499984741211
2022-10-31,76.66000366210938
2022-11-01,76.66999816894531
2022-11-03,76.52999877929688
2022-11-04,76.69999694824219
2022-11-07,76.51000213623047
2022-11-08,76.5199966430664
2022-11-09,76.5199966430664
2022-11-10,76.94999694824219
2022-11-11,75.94999694824219
2022-11-14,76.2300033569336
2022-11-16,76.16999816894531
2022-11-17,75.98999786376953
2022-11-18,75.95999908447266
2022-11-21,75.94999694824219
2022-11-22,75.81999969482422
2022-11-23,75.56999969482422
2022-11-24,75.79000091552734
2022-11-25,75.58000183105469
2022-11-28,75.55000305175781
2022-11-29,75.80000305175781
2022-11-30,76.12000274658203
2022-12-01,76.25
2022-12-02,76.4000015258789
2022-12-05,76.33000183105469
2022-12-06,76.19000244140625
2022-12-07,76.4800033569336
2022-12-08,76.47000122070312
2022-12-09,76.4000015258789
2022-12-12,76.19999694824219
2022-12-13,76.08999633789062
2022-12-14,76.0
2022-12-15,76.1500015258789
2022-12-16,76.0999984741211
2022-12-19,76.04000091552734
2022-12-20,76.36000061035156
2022-12-21,76.41999816894531
2022-12-22,76.44999694824219
2022-12-23,76.5199966430664
2022-12-26,76.56999969482422
2022-12-27,76.63999938964844
2022-12-28,76.87000274658203
2022-12-29,76.87999725341797
2023-01-02,76.76000213623047
2023-01-03,76.66000366210938
2023-01-04,76.58999633789062
2023-01-05,76.62999725341797
2023-01-06,76.83000183105469
2023-01-09,76.94000244140625
2023-01-10,77.1500015258789
2023-01-11,77.29000091552734
2023-01-12,77.4800033569336
2023-01-13,77.56999969482422
2023-01-16,77.5
2023-01-17,77.66000366210938
2023-01-18,77.7300033569336
2023-01-19,77.81999969482422
2023-01-20,77.81999969482422
2023-01-23,77.86000061035156
2023-01-24,78.04000091552734
2023-01-25,78.06999969482422
2023-01-26,77.98999786376953
2023-01-27,77.95999908447266
2023-01-30,78.02999877929688
2023-01-31,78.06999969482422
2023-02-01,78.0
2023-02-02,77.87999725341797
2023-02-03,77.70999908447266
2023-02-06,77.88999938964844
2023-02-07,77.97000122070312
2023-02-08,78.01000213623047
2023-02-09,78.33000183105469
2023-02-10,78.33000183105469
2023-02-13,78.43000030517578
2023-02-14,78.55000305175781
2023-02-15,78.9800033569336
2023-02-16,79.0199966430664
2023-02-17,79.05000305175781
2023-02-22,79.0999984741211
2023-02-23,79.12999725341797
2023-02-24,79.01000213623047
2023-02-27,79.20999908447266
2023-02-28,79.22000122070312
2023-03-01,79.19000244140625
2023-03-02,79.12999725341797
2023-03-03,79.2300033569336
2023-03-06,79.37999725341797
2023-03-07,79.44000244140625
2023-03-08,79.66999816894531
2023-03-09,79.83999633789062
2023-03-10,79.81999969482422
2023-03-13,80.0199966430664
2023-03-14,80.04000091552734
2023-03-15,80.0199966430664
2023-03-16,80.05000305175781
2023-03-17,80.05999755859375
2023-03-20,80.20999908447266
2023-03-21,80.20999908447266
2023-03-22,80.33000183105469
2023-03-23,80.1500015258789
2023-03-24,80.38999938964844
2023-03-27,80.41000366210938
2023-03-28,80.33999633789062
2023-03-29,80.36000061035156
2023-03-30,80.5199966430664
2023-03-31,80.43000030517578
2023-04-03,80.52999877929688
2023-04-04,80.58000183105469
2023-04-05,80.58999633789062
2023-04-06,80.66000366210938
2023-04-10,80.69000244140625
2023-04-11,80.87999725341797
2023-04-12,80.91000366210938
2023-04-13,80.8499984741211
2023-04-14,80.97000122070312
2023-04-17,80.97000122070312
2023-04-18,80.95999908447266
2023-04-19,80.87000274658203
2023-04-20,80.9000015258789
2023-04-24,81.08000183105469
2023-04-25,81.05999755859375
2023-04-26,81.18000030517578
2023-04-27,81.19999694824219
2023-04-28,81.12000274658203
2023-05-02,81.0999984741211
2023-05-03,81.20999908447266
2023-05-04,81.26000213623047
2023-05-05,81.44999694824219
2023-05-08,81.52999877929688
2023-05-09,81.41000366210938
2023-05-10,81.58000183105469
2023-05-11,81.5999984741211
2023-05-12,81.62999725341797
2023-05-15,81.6500015258789
2023-05-16,81.5999984741211
2023-05-17,81.47000122070312
2023-05-18,81.37000274658203
2023-05-19,81.33999633789062
2023-05-22,81.29000091552734
2023-05-23,81.41000366210938
2023-05-24,81.51000213623047
2023-05-25,81.56999969482422
2023-05-26,81.37000274658203
2023-05-29,81.52999877929688
2023-05-30,81.56999969482422
2023-05-31,81.43000030517578
2023-06-01,81.5199966430664
2023-06-02,81.70999908447266
2023-06-05,81.88999938964844
2023-06-06,81.87999725341797
2023-06-07,81.61000061035156
2023-06-09,81.77999877929688
2023-06-12,81.77999877929688
2023-06-13,81.69999694824219
2023-06-14,81.80999755859375
2023-06-15,81.8499984741211
2023-06-16,81.87000274658203
2023-06-19,81.88999938964844
2023-06-20,81.9000015258789
2023-06-21,82.01000213623047
2023-06-22,82.05000305175781
2023-06-23,82.16000366210938
2023-06-26,82.16999816894531
2023-06-27,82.22000122070312
2023-06-28,82.12000274658203
2023-06-29,82.06999969482422
2023-06-30,82.30000305175781
2023-07-03,82.52999877929688
2023-07-04,82.47000122070312
2023-07-05,82.47000122070312
2023-07-06,82.44000244140625
2023-07-07,82.61000061035156
2023-07-10,82.55999755859375
2023-07-11,82.55999755859375
2023-07-12,82.41999816894531
2023-07-13,82.51000213623047
2023-07-14,82.33999633789062
2023-07-17,82.56999969482422
2023-07-18,82.69999694824219
2023-07-19,82.69999694824219
2023-07-20,82.55000305175781
2023-07-21,82.81999969482422
2023-07-24,82.83999633789062
2023-07-25,83.04000091552734
2023-07-26,83.13999938964844
2023-07-27,83.13999938964844
2023-07-28,83.12999725341797
2023-07-31,83.20999908447266
2023-08-01,83.16999816894531
2023-08-02,83.19000244140625
2023-08-03,83.37999725341797
2023-08-04,83.66000366210938
2023-08-07,83.5999984741211
2023-08-08,83.75
2023-08-09,83.76000213623047
2023-08-10,83.86000061035156
2023-08-11,83.94000244140625
2023-08-14,83.80000305175781
2023-08-15,83.8499984741211
2023-08-16,83.87000274658203
2023-08-17,83.80000305175781
2023-08-18,83.80999755859375
2023-08-21,83.58000183105469
2023-08-22,83.62999725341797
2023-08-23,83.88999938964844
2023-08-24,83.91000366210938
2023-08-25,83.93000030517578
2023-08-28,83.91000366210938
2023-08-29,83.9800033569336
2023-08-30,83.91999816894531
2023-08-31,83.70999908447266
2023-09-01,83.75
2023-09-04,83.75
2023-09-05,83.76000213623047
2023-09-06,83.77999877929688
2023-09-08,83.87999725341797
2023-09-11,83.81999969482422
2023-09-12,84.04000091552734
2023-09-13,84.05999755859375
2023-09-14,84.0999984741211
2023-09-15,84.0999984741211
2023-09-18,84.08000183105469
2023-09-19,84.02999877929688
2023-09-20,83.94999694824219
2023-09-21,83.9000015258789
2023-09-22,84.02999877929688
2023-09-25,83.95999908447266
2023-09-26,83.55000305175781
2023-09-27,83.44999694824219
2023-09-28,83.4800033569336
2023-09-29,83.80999755859375
2023-10-02,83.62999725341797
2023-10-03,83.31999969482422
2023-10-04,83.41999816894531
2023-10-05,83.36000061035156
2023-10-06,83.5199966430664
2023-10-09,83.69000244140625
2023-10-10,83.88999938964844
2023-10-11,83.6500015258789
2023-10-13,83.56999969482422
2023-10-16,83.70999908447266
2023-10-17,83.54000091552734
2023-10-18,83.37999725341797
2023-10-19,83.37999725341797
2023-10-20,83.47000122070312
2023-10-23,83.51000213623047
2023-10-24,83.5999984741211
2023-10-25,83.55000305175781
2023-10-26,83.86000061035156
2023-10-27,83.70999908447266
2023-10-30,83.41000366210938
2023-10-31,83.54000091552734
2023-11-01,83.7300033569336
2023-11-03,83.9000015258789
2023-11-06,83.8499984741211
2023-11-07,83.83000183105469
2023-11-08,83.9800033569336
2023-11-09,84.0
2023-11-10,84.08999633789062
2023-11-13,84.05999755859375
2023-11-14,84.3499984741211
2023-11-16,84.33000183105469
2023-11-17,84.61000061035156
2023-11-20,84.62000274658203
2023-11-21,84.62000274658203
2023-11-22,84.72000122070312
2023-11-23,84.75
2023-11-24,84.80000305175781
2023-11-27,84.91999816894531
2023-11-28,84.95999908447266
2023-11-29,84.94999694824219
2023-11-30,85.02999877929688
2023-12-01,85.0999984741211
2023-12-04,85.01000213623047
2023-12-05,85.06999969482422
2023-12-06,85.11000061035156
2023-12-07,85.1500015258789
2023-12-08,85.16999816894531
2023-12-11,85.19999694824219
2023-12-12,85.33999633789062
2023-12-13,85.55999755859375
2023-12-14,85.62999725341797
2023-12-15,86.37999725341797
2023-12-18,85.8499984741211
2023-12-19,85.93000030517578
2023-12-20,85.98999786376953
2023-12-21,86.0199966430664
2023-12-22,86.04000091552734
2023-12-26,86.08999633789062
2023-12-27,86.08999633789062
2023-12-28,86.18000030517578
2024-01-02,86.7699966430664
2024-01-03,86.43000030517578
2024-01-04,86.41000366210938
2024-01-05,86.48999786376953
2024-01-08,86.4800033569336
2024-01-09,86.47000122070312
2024-01-10,86.44999694824219
2024-01-11,86.5999984741211
2024-01-12,86.69000244140625
2024-01-15,86.76000213623047
2024-01-16,86.61000061035156
2024-01-17,86.54000091552734
2024-01-18,86.58000183105469
2024-01-19,86.4800033569336
2024-01-22,86.62999725341797
2024-01-23,86.76000213623047
2024-01-24,86.69999694824219
2024-01-25,86.83999633789062
2024-01-26,86.80000305175781
2024-01-29,86.80999755859375
2024-01-30,86.77999877929688
2024-01-31,86.77999877929688
2024-02-01,86.8499984741211
2024-02-02,86.79000091552734
2024-02-05,86.75
2024-02-06,86.81999969482422
2024-02-07,86.8499984741211
2024-02-08,86.94000244140625
2024-02-09,87.0
2024-02-14,86.94999694824219
2024-02-15,87.02999877929688
2024-02-16,87.01000213623047
2024-02-19,87.08999633789062
2024-02-20,87.12000274658203
2024-02-21,87.27999877929688
2024-02-22,87.29000091552734
2024-02-23,87.27999877929688
2024-02-26,87.2300033569336
2024-02-27,87.30999755859375
2024-02-28,87.23999786376953
2024-02-29,87.31999969482422
2024-03-01,87.4000015258789
2024-03-04,87.43000030517578
2024-03-05,87.47000122070312
2024-03-06,87.54000091552734
2024-03-07,87.62000274658203
2024-03-08,87.62000274658203
2024-03-11,87.68000030517578
2024-03-12,87.73999786376953
2024-03-13,87.77999877929688
2024-03-14,87.75
2024-03-15,87.63999938964844
2024-03-18,87.63999938964844
2024-03-19,87.66999816894531
2024-03-20,87.79000091552734
2024-03-21,87.70999908447266
2024-03-22,87.73999786376953
2024-03-25,87.58999633789062
2024-03-26,87.81999969482422
2024-03-27,87.98999786376953
2024-03-28,87.98999786376953
2024-04-01,87.98999786376953
2024-04-02,87.95999908447266
2024-04-03,88.04000091552734
2024-04-04,88.11000061035156
2024-04-05,88.0
2024-04-08,88.12999725341797
2024-04-09,88.1500015258789
2024-04-10,87.9000015258789
2024-04-11,87.9000015258789
2024-04-12,88.0
2024-04-15,87.88999938964844
2024-04-16,87.63999938964844
2024-04-17,87.41999816894531
2024-04-18,87.52999877929688
2024-04-19,87.62999725341797
2024-04-22,87.70999908447266
2024-04-23,87.69999694824219
2024-04-24,87.66000366210938
2024-04-25,87.69000244140625
2024-04-26,87.83999633789062
2024-04-29,87.91000366210938
2024-04-30,87.75
2024-05-02,87.87000274658203
2024-05-03,88.01000213623047
2024-05-06,87.9800033569336
2024-05-07,88.05999755859375
2024-05-08,88.08000183105469
2024-05-09,88.18000030517578
2024-05-10,88.33000183105469
2024-05-13,88.31999969482422
2024-05-14,88.37000274658203
2024-05-15,88.38999938964844
2024-05-16,88.44000244140625
2024-05-17,88.52999877929688
2024-05-20,88.54000091552734
2024-05-21,88.56999969482422
2024-05-22,88.51000213623047
2024-05-23,88.56999969482422
2024-05-24,88.51000213623047
2024-05-27,88.5999984741211
2024-05-28,88.66999816894531
2024-05-29,88.58000183105469
2024-05-31,88.68000030517578
2024-06-03,88.58999633789062
2024-06-04,88.62000274658203
2024-06-05,88.70999908447266
2024-06-06,88.66000366210938
2024-06-07,88.41000366210938
2024-06-10,88.58999633789062
2024-06-11,88.55000305175781
2024-06-12,88.41000366210938
2024-06-13,88.44999694824219
2024-06-14,89.4000015258789
2024-06-17,88.5999984741211
2024-06-18,88.6500015258789
2024-06-19,88.58999633789062
2024-06-20,88.87999725341797
2024-06-21,88.98999786376953
2024-06-24,89.11000061035156
2024-06-25,89.20999908447266
2024-06-26,89.2300033569336
2024-06-27,89.12000274658203
2024-06-28,88.95999908447266
2024-07-01,88.72000122070312
2024-07-02,88.58999633789062
2024-07-03,88.98999786376953
2024-07-04,89.37999725341797
2024-07-05,89.26000213623047
2024-07-08,89.2699966430664
2024-07-09,89.37999725341797
2024-07-10,89.51000213623047
2024-07-11,89.66999816894531
2024-07-12,89.7300033569336
2024-07-15,89.69000244140625
2024-07-16,89.72000122070312
2024-07-17,89.69999694824219
2024-07-18,89.48999786376953
2024-07-19,89.41999816894531
2024-07-22,89.55000305175781
2024-07-23,89.43000030517578
2024-07-24,89.38999938964844
2024-07-25,89.37999725341797
2024-07-26,89.4000015258789
2024-07-29,89.52999877929688
2024-07-30,89.58999633789062
2024-07-31,89.69999694824219
2024-08-01,89.93000030517578
2024-08-02,90.19999694824219
2024-08-05,90.48999786376953
2024-08-06,90.33999633789062
2024-08-07,90.23999786376953
2024-08-08,90.27999877929688
2024-08-09,90.37000274658203
2024-08-12,90.33000183105469
2024-08-13,90.52999877929688
2024-08-14,90.58000183105469
2024-08-15,90.5
2024-08-16,90.25
2024-08-19,90.08000183105469
2024-08-20,90.12999725341797
2024-08-21,90.2300033569336
2024-08-22,90.08999633789062
2024-08-23,90.44999694824219
2024-08-26,90.41999816894531
2024-08-27,90.69999694824219
2024-08-28,90.3499984741211
2024-08-29,90.08999633789062
2024-08-30,90.16999816894531
2024-09-02,90.29000091552734
2024-09-03,90.23999786376953
2024-09-04,90.29000091552734
2024-09-05,90.54000091552734
2024-09-06,90.55000305175781
2024-09-09,90.6500015258789
2024-09-10,90.52999877929688
2024-09-11,90.56999969482422
2024-09-12,90.69999694824219
2024-09-13,90.62999725341797
2024-09-16,90.62999725341797
2024-09-17,90.80000305175781
2024-09-18,90.9000015258789
2024-09-19,90.68000030517578
2024-09-20,90.30999755859375
2024-09-23,90.37000274658203
2024-09-24,90.61000061035156
2024-09-25,90.70999908447266
2024-09-26,90.62999725341797
2024-09-27,90.66000366210938
2024-09-30,90.63999938964844
2024-10-01,90.58999633789062
2024-10-02,90.69000244140625
2024-10-03,90.75
2024-10-04,90.73999786376953
2024-10-07,90.79000091552734
2024-10-08,90.91000366210938
2024-10-09,90.63999938964844
2024-10-10,90.7300033569336
2024-10-11,90.83999633789062
2024-10-14,91.0
2024-10-15,90.95999908447266
2024-10-16,91.0
2024-10-17,91.04000091552734
2024-10-18,91.08000183105469
2024-10-21,91.0999984741211
2024-10-22,91.16000366210938
2024-10-23,91.06999969482422
2024-10-24,91.37999725341797
2024-10-25,91.33999633789062
2024-10-28,91.4000015258789
2024-10-29,91.30999755859375
2024-10-30,91.30000305175781
2024-10-31,91.30000305175781
2024-11-01,91.19999694824219
2024-11-04,91.41000366210938
2024-11-05,91.47000122070312
2024-11-06,91.55000305175781
2024-11-07,91.69000244140625
2024-11-08,91.72000122070312
2024-11-11,91.80000305175781
2024-11-12,91.7300033569336
2024-11-13,91.58000183105469
2024-11-14,91.69000244140625
2024-11-18,91.55000305175781
2024-11-19,91.66000366210938
2024-11-21,91.94000244140625
2024-11-22,91.86000061035156
2024-11-25,91.75
2024-11-26,91.7300033569336
2024-11-27,91.61000061035156
2024-11-28,91.48999786376953
2024-11-29,91.54000091552734
2024-12-02,91.69999694824219
2024-12-03,91.58999633789062
2024-12-04,91.54000091552734
2024-12-05,91.44000244140625
2024-12-06,91.0199966430664
2024-12-09,91.11000061035156
2024-12-10,91.38999938964844
2024-12-11,91.55000305175781
2024-12-12,91.0999984741211
2024-12-13,90.86000061035156
2024-12-16,90.69999694824219
2024-12-17,90.6500015258789
2024-12-18,90.3499984741211
2024-12-19,90.83000183105469
2024-12-20,91.08999633789062
2024-12-23,91.06999969482422
2024-12-26,91.29000091552734
2024-12-27,91.30000305175781
2024-12-30,91.25
2025-01-02,91.38999938964844
2025-01-03,91.61000061035156
2025-01-06,91.86000061035156
2025-01-07,91.93000030517578
2025-01-08,92.01000213623047
2025-01-09,92.02999877929688
2025-01-10,91.98999786376953
2025-01-13,91.91999816894531
2025-01-14,92.13999938964844
2025-01-15,92.19999694824219
2025-01-16,92.02999877929688
2025-01-17,92.13999938964844
2025-01-20,92.16999816894531
2025-01-21,92.0999984741211
2025-01-22,92.13999938964844
2025-01-23,92.0
2025-01-24,92.1500015258789
2025-01-27,92.19000244140625
2025-01-28,92.31999969482422
2025-01-29,92.20999908447266
2025-01-30,92.80999755859375
2025-01-31,93.0
2025-02-03,93.19000244140625
2025-02-04,92.9800033569336
2025-02-05,92.95999908447266
2025-02-06,92.9800033569336
2025-02-07,93.06999969482422
2025-02-10,93.06999969482422
2025-02-11,93.16999816894531
2025-02-12,93.0199966430664
2025-02-13,93.08999633789062
2025-02-14,93.31999969482422
2025-02-17,93.68000030517578
2025-02-18,93.69000244140625
2025-02-19,93.73999786376953
2025-02-20,93.93000030517578
2025-02-21,94.13999938964844
2025-02-24,94.01000213623047
2025-02-25,94.08000183105469
2025-02-26,93.91999816894531
2025-02-27,93.83000183105469
2025-02-28,93.69000244140625
2025-03-05,93.86000061035156
2025-03-06,93.91000366210938
2025-03-07,94.05999755859375
2025-03-10,93.9000015258789
2025-03-11,94.16999816894531
2025-03-12,94.2300033569336
2025-03-13,94.31999969482422
2025-03-14,94.29000091552734
2025-03-17,94.19999694824219
2025-03-18,94.33000183105469
2025-03-19,94.33999633789062
2025-03-20,94.12000274658203
2025-03-21,94.05999755859375
2025-03-24,94.05000305175781
2025-03-25,93.88999938964844
2025-03-26,93.9800033569336
2025-03-27,93.91000366210938
2025-03-28,93.87000274658203
2025-03-31,94.0199966430664
2025-04-01,94.0199966430664
2025-04-02,93.93000030517578
2025-04-03,94.19999694824219
2025-04-04,94.1500015258789
2025-04-07,94.45999908447266
2025-04-08,94.38999938964844
2025-04-09,94.19999694824219
2025-04-10,94.26000213623047
2025-04-11,94.4000015258789
2025-04-14,94.62000274658203
2025-04-15,94.66000366210938
2025-04-16,94.83000183105469
2025-04-17,94.98999786376953
2025-04-22,94.9800033569336
2025-04-23,95.2699966430664
2025-04-24,95.56999969482422
2025-04-25,95.56999969482422
2025-04-28,95.7300033569336
2025-04-29,95.75
2025-04-30,95.69999694824219
2025-05-02,95.81999969482422
2025-05-05,95.69000244140625
2025-05-06,95.7300033569336
2025-05-07,95.68000030517578
2025-05-08,95.81999969482422
2025-05-09,95.97000122070312
2025-05-12,95.97000122070312
2025-05-13,96.0999984741211
2025-05-14,96.05000305175781
2025-05-15,96.12000274658203
2025-05-16,96.2699966430664
2025-05-19,96.5199966430664
2025-05-20,96.48999786376953
2025-05-21,96.30000305175781
2025-05-22,96.27999877929688
2025-05-23,96.36000061035156
2025-05-26,96.36000061035156
2025-05-27,96.48999786376953
2025-05-28,96.26000213623047
2025-05-29,96.36000061035156
2025-05-30,96.37999725341797
2025-06-02,96.29000091552734
2025-06-03,96.2699966430664
2025-06-04,96.18000030517578
2025-06-05,96.11000061035156
2025-06-06,96.12999725341797
2025-06-09,96.29000091552734
2025-06-10,96.18000030517578
2025-06-11,96.06999969482422
2025-06-12,96.36000061035156
2025-06-13,96.5
2025-06-16,96.55000305175781
2025-06-17,96.3499984741211
2025-06-18,96.31999969482422
2025-06-20,96.37999725341797
2025-06-23,96.33000183105469
2025-06-24,96.41999816894531
2025-06-25,96.5
2025-06-26,96.41000366210938
2025-06-27,96.41999816894531
2025-06-30,96.68000030517578
2025-07-01,96.69999694824219
2025-07-02,96.8499984741211
2025-07-03,96.83000183105469
2025-07-04,96.76000213623047
2025-07-07,96.73999786376953
2025-07-08,96.69999694824219
2025-07-09,96.58000183105469
2025-07-10,96.44999694824219
2025-07-11,96.48999786376953
2025-07-14,96.58999633789062
2025-07-15,96.63999938964844
2025-07-16,96.56999969482422
2025-07-17,96.66000366210938
2025-07-18,96.62999725341797
2025-07-21,96.55999755859375
2025-07-22,96.72000122070312
2025-07-23,96.75
2025-07-24,96.75
2025-07-25,96.87999725341797
2025-07-28,96.91999816894531
2025-07-29,97.12000274658203
2025-07-30,97.0
2025-07-31,96.97000122070312
2025-08-01,97.16000366210938
2025-08-04,97.2300033569336
2025-08-05,97.2699966430664
2025-08-06,97.33999633789062
2025-08-07,97.45999908447266
2025-08-08,97.55999755859375
2025-08-11,97.69000244140625
2025-08-12,97.7699966430664
2025-08-13,97.8499984741211
2025-08-14,97.98999786376953
2025-08-15,97.88999938964844
2025-08-18,97.69999694824219
2025-08-19,97.66999816894531
2025-08-20,97.54000091552734
2025-08-21,97.38999938964844
2025-08-22,97.58999633789062
2025-08-25,97.70999908447266
2025-08-26,97.79000091552734
2025-08-27,97.95999908447266
2025-08-28,98.05999755859375
2025-08-29,98.05999755859375
2025-09-01,98.0199966430664
2025-09-02,97.98999786376953
2025-09-03,98.01000213623047
2025-09-04,97.98999786376953
2025-09-05,98.18000030517578
2025-09-08,98.19999694824219
2025-09-09,98.25
2025-09-10,98.37999725341797
2025-09-11,98.56999969482422
2025-09-12,98.48999786376953
2025-09-15,98.62000274658203
2025-09-16,98.70999908447266
2025-09-17,98.87000274658203
2025-09-18,98.66000366210938
2025-09-19,98.58999633789062
2025-09-22,98.48999786376953
2025-09-23,98.81999969482422
2025-09-24,98.7699966430664
2025-09-25,98.72000122070312
2025-09-26,98.72000122070312
2025-09-29,98.72000122070312
2025-09-30,98.69999694824219
2025-10-01,98.69999694824219
2025-10-02,98.62999725341797
2025-10-03,98.5999984741211
2025-10-06,98.68000030517578
2025-10-07,98.6500015258789
2025-10-08,98.80999755859375
2025-10-09,98.86000061035156
2025-10-10,98.87999725341797
2025-10-13,98.83000183105469
2025-10-14,98.8499984741211
2025-10-15,98.93000030517578
2025-10-16,98.98999786376953
2025-10-17,99.01000213623047
2025-10-20,99.05999755859375
2025-10-21,99.0199966430664
2025-10-22,99.19000244140625
2025-10-23,99.2699966430664
2025-10-24,99.4000015258789
2025-10-27,99.58999633789062
2025-10-28,99.61000061035156
2025-10-29,99.62000274658203
2025-10-30,99.5
2025-10-31,99.69999694824219
2025-11-03,99.66999816894531
2025-11-04,99.6500015258789
2025-11-05,99.70999908447266
2025-11-06,99.62999725341797
2025-11-07,99.87999725341797
2025-11-10,99.98999786376953
2025-11-11,100.31999969482422
2025-11-12,100.33999633789062
2025-11-13,100.30000305175781
2025-11-14,100.31999969482422
2025-11-17,100.36000061035156
2025-11-18,100.36000061035156
2025-11-19,100.41999816894531
2025-11-21,100.45999908447266
2025-11-24,100.55000305175781
2025-11-25,100.68000030517578
2025-11-26,100.77999877929688
2025-11-27,100.77999877929688
2025-11-28,100.75
2025-12-01,100.79000091552734
2025-12-02,100.88999938964844
2025-12-03,101.01000213623047
2025-12-04,101.06999969482422
2025-12-05,100.7300033569336
2025-12-08,100.76000213623047
2025-12-09,100.66999816894531
2025-12-10,100.55999755859375
2025-12-11,100.72000122070312
2025-12-12,100.94999694824219
2025-12-15,101.05000305175781
2025-12-16,101.04000091552734
2025-12-17,100.77999877929688
2025-12-18,100.7699966430664
2025-12-19,101.05999755859375
2025-12-22,101.11000061035156
2025-12-23,101.16000366210938
2025-12-26,101.4800033569336
2025-12-29,101.55999755859375
2025-12-30,101.66000366210938
2026-01-02,101.83000183105469
2026-01-05,101.8499984741211
2026-01-06,101.83000183105469
2026-01-07,101.83999633789062
